id,name,category,region,latitude,longitude,is_endangered,is_transnational,iso_code,date_inscribed
1133,Ancient and Primeval Beech Forests of the Carpathians and Other Regions of Europe,Natural,,,,0,1,"al,at,ba,be,bg,ch,cz,de,es,fr,hr,it,mk,pl,ro,si,sk,ua",2007
99,Natural and Cultural Heritage of the Ohrid region,Mixed,,,,0,1,"al,mk",1979
1321,"The Architectural Work of Le Corbusier, an Outstanding Contribution to the Modern Movement",Cultural,,,,0,1,"ar,be,ch,de,fr,in,jp",2016
1459,"Qhapaq Ñan, Andean Road System",Cultural,,,,0,1,"ar,bo,cl,co,ec,pe",2014
275,"Jesuit Missions of the Guaranis: San Ignacio Mini, Santa Ana, Nuestra Señora de Loreto and Santa Maria Mayor (Argentina), Ruins of Sao Miguel das Missoes (Brazil)",Cultural,,,,0,1,"ar,br",1983
1613,The Great Spa Towns of Europe,Cultural,,,,0,1,"at,be,cz,de,fr,gb,it",2021
1363,Prehistoric Pile Dwellings around the Alps,Cultural,,,,0,1,"at,ch,de,fr,it,si",2011
1608,Frontiers of the Roman Empire – The Danube Limes (Western Segment),Cultural,,,,0,1,"at,de,sk",2021
772,Fertö / Neusiedlersee Cultural Landscape,Cultural,,,,0,1,"at,hu",2001
1584,Hyrcanian Forests,Natural,,,,0,1,"az,ir",2019
1187,Struve Geodetic Arc,Cultural,,,,0,1,"by,ee,fi,lt,lv,md,no,ru,se,ua",2005
33,Białowieża Forest,Natural,,,,0,1,"by,pl",1979
943,Belfries of Belgium and France,Cultural,,,,0,1,"be,fr",1999
1567,Funerary and memory sites of the First World War (Western Front),Cultural,,,,0,1,"be,fr",2023
1555,Colonies of Benevolence,Cultural,,,,0,1,"be,nl",2021
749,W-Arly-Pendjari Complex,Natural,,,,0,1,"bf,bj,ne",1996
1140,"Koutammakou, the Land of the Batammariba",Cultural,,,,0,1,"bj,tg",2004
1504,Stećci Medieval Tombstone Graveyards,Cultural,,,,0,1,"ba,hr,me,rs",2016
1380,Sangha Trinational,Natural,,,,0,1,"cf,cg,cm",2012
72,Kluane / Wrangell-St. Elias / Glacier Bay / Tatshenshini-Alsek,Natural,,,,0,1,"ca,us",1979
354,Waterton Glacier International Peace Park,Natural,,,,0,1,"ca,us",1995
1442,Silk Roads: the Routes Network of Chang'an-Tianshan Corridor,Cultural,,,,0,1,"cn,kg,kz",2014
205,Talamanca Range-La Amistad Reserves / La Amistad National Park,Natural,,,,0,1,"cr,pa",1983
155,Mount Nimba Strict Nature Reserve,Natural,,,,1,1,"ci,gn",1981
1533,Venetian Works of Defence between the 16th and 17th Centuries: <em>Stato da Terra</em> – Western <em>Stato da Mar</em>,Cultural,,,,0,1,"hr,it,me",2017
1478,Erzgebirge/Krušnohoří Mining Region,Cultural,,,,0,1,"cz,de",2019
1314,Wadden Sea,Natural,,,,0,1,"de,dk,nl",2009
1468,Moravian Church Settlements,Cultural,,,,0,1,"de,dk,gb,us",2015
898,High Coast / Kvarken Archipelago,Natural,,,,0,1,"fi,se",2000
773,Pyrénées - Mont Perdu,Mixed,,,,0,1,"es,fr",1997
1226,Stone Circles of Senegambia,Cultural,,,,0,1,"gm,sn",2006
1631,Frontiers of the Roman Empire – The Lower German Limes,Cultural,,,,0,1,"de,nl",2021
1127,Muskauer Park / Park Mużakowski,Cultural,,,,0,1,"de,pl",2004
430,Frontiers of the Roman Empire,Cultural,,,,0,1,"de,gb",1987
91,"Historic Centre of Rome, the Properties of the Holy See in that City Enjoying Extraterritorial Rights and San Paolo Fuori le Mura",Cultural,,,,0,1,"it,va",1980
725,Caves of Aggtelek Karst and Slovak Karst,Natural,,,,0,1,"hu,sk",1995
1276,Rhaetian Railway in the Albula / Bernina Landscapes,Cultural,,,,0,1,"ch,it",2008
1090,Monte San Giorgio,Natural,,,,0,1,"ch,it",2003
1490,Western Tien-Shan,Natural,,,,0,1,"kg,kz,uz",2016
1693,Cold Winter Deserts of Turan,Natural,,,,0,1,"kz,tm,uz",2023
951,Phong Nha-Ke Bang National Park and Hin Nam No National Park,Natural,,,,0,1,"la,vn",2003
985,Maloti-Drakensberg Park,Mixed,,,,0,1,"ls,za",2000
994,Curonian Spit,Cultural,,,,0,1,"lt,ru",2000
769,Uvs Nuur Basin,Natural,,,,0,1,"mn,ru",2003
1448,Landscapes of Dauria,Natural,,,,0,1,"mn,ru",2017
914,iSimangaliso Wetland Park – Maputo National Park,Natural,,,,0,1,"mz,za",1999
1424,Wooden <em>Tserkvas</em> of the Carpathian Region in Poland and Ukraine,Cultural,,,,0,1,"pl,ua",2013
866,Prehistoric Rock Art Sites in the Côa Valley and Siega Verde,Cultural,,,,0,1,"es,pt",1998
1313,Heritage of Mercury. Almadén and Idrija,Cultural,,,,0,1,"es,si",2012
1675,Silk Roads: Zarafshan-Karakum Corridor,Cultural,,,,0,1,"tj,tm,uz",2023
509,Mosi-oa-Tunya / Victoria Falls,Natural,,,,0,1,"zm,zw",1989
208,Cultural Landscape and Archaeological Remains of the Bamiyan Valley,Cultural,,,,1,0,af,2003
211,Minaret and Archaeological Remains of Jam,Cultural,,,,1,0,af,2002
570,Butrint,Cultural,,,,0,0,al,1992
569,Historic Centres of Berat and Gjirokastra,Cultural,,,,0,0,al,2005
102,Al Qal'a of Beni Hammad,Cultural,,,,0,0,dz,1980
179,Tassili n'Ajjer,Mixed,,,,0,0,dz,1982
188,M'Zab Valley,Cultural,,,,0,0,dz,1982
191,Djémila,Cultural,,,,0,0,dz,1982
193,Tipasa,Cultural,,,,1,0,dz,1982
194,Timgad,Cultural,,,,0,0,dz,1982
565,Kasbah of Algiers,Cultural,,,,0,0,dz,1992
1160,Madriu-Perafita-Claror Valley,Cultural,,,,0,0,ad,2004
1511,"Mbanza Kongo, Vestiges of the Capital of the former Kingdom of Kongo",Cultural,,,,0,0,ao,2017
1499,Antigua Naval Dockyard and Related Archaeological Sites,Cultural,,,,0,0,ag,2016
145,Los Glaciares National Park,Natural,,,,0,0,ar,1981
303,Iguazu National Park,Natural,,,,0,0,ar,1984
936,"Cueva de las Manos, Río Pinturas",Cultural,,,,0,0,ar,1999
937,Península Valdés,Natural,,,,0,0,ar,1999
966,Ischigualasto / Talampaya Natural Parks,Natural,,,,0,0,ar,2000
995,Jesuit Block and Estancias of Córdoba,Cultural,,,,0,0,ar,2000
1116,Quebrada de Humahuaca,Cultural,,,,0,0,ar,2003
1526,Los Alerces National Park,Natural,,,,0,0,ar,2017
1681,"ESMA Museum and Site of Memory – Former Clandestine Centre of Detention, Torture and Extermination",Cultural,,,,0,0,ar,2023
777,Monasteries of Haghpat and Sanahin,Cultural,,,,0,0,am,1996
960,Monastery of Geghard and the Upper Azat Valley,Cultural,,,,0,0,am,2000
1011,Cathedral and Churches of Echmiatsin and the Archaeological Site of Zvartnots,Cultural,,,,0,0,am,2000
154,Great Barrier Reef,Natural,,,,0,0,au,1981
167,Willandra Lakes Region,Mixed,,,,0,0,au,1981
186,Lord Howe Island Group,Natural,,,,0,0,au,1982
368,Gondwana Rainforests of Australia,Natural,,,,0,0,au,1986
447,Ulu<U>r</U>u-Kata Tju<U>t</U>a National Park,Mixed,,,,0,0,au,1987
486,Wet Tropics of Queensland,Natural,,,,0,0,au,1988
577,Heard and McDonald Islands,Natural,,,,0,0,au,1997
578,"Shark Bay, Western Australia",Natural,,,,0,0,au,1991
629,Macquarie Island,Natural,,,,0,0,au,1997
630,K’gari,Natural,,,,0,0,au,1992
698,Australian Fossil Mammal Sites (Riversleigh / Naracoorte),Natural,,,,0,0,au,1994
917,Greater Blue Mountains Area,Natural,,,,0,0,au,2000
1094,Purnululu National Park,Natural,,,,0,0,au,2003
166,Sydney Opera House,Cultural,,,,1,0,au,2007
1306,Australian Convict Sites,Cultural,,,,0,0,au,2010
1131,Royal Exhibition Building and Carlton Gardens,Cultural,,,,0,0,au,2004
1369,Ningaloo Coast,Natural,,,,0,0,au,2011
147,Kakadu National Park,Mixed,,,,0,0,au,1981
181,Tasmanian Wilderness,Mixed,,,,0,0,au,1982
1577,Budj Bim Cultural Landscape,Cultural,,,,0,0,au,2019
1709,Murujuga Cultural Landscape,Cultural,,,,0,0,au,2025
784,Historic Centre of the City of Salzburg,Cultural,,,,0,0,at,1996
785,Semmering Railway,Cultural,,,,0,0,at,1998
786,Palace and Gardens of Schönbrunn,Cultural,,,,0,0,at,1996
1033,Historic Centre of Vienna,Cultural,,,,0,0,at,2001
931,City of Graz – Historic Centre and Schloss Eggenberg,Cultural,,,,0,0,at,1999
806,Hallstatt-Dachstein / Salzkammergut Cultural Landscape,Cultural,,,,0,0,at,1997
970,Wachau Cultural Landscape,Cultural,,,,0,0,at,2000
958,Walled City of Baku with the Shirvanshah's Palace and Maiden Tower,Cultural,,,,1,0,az,2000
1076,Gobustan Rock Art Cultural Landscape,Cultural,,,,0,0,az,2007
1549,Historic Centre of Sheki with the Khan’s Palace,Cultural,,,,0,0,az,2019
1696,Cultural Landscape of Khinalig People and “Köç Yolu” Transhumance Route,Cultural,,,,0,0,az,2023
1364,"Pearling, Testimony of an Island Economy",Cultural,,,,0,0,bh,2012
1192,Qal’at al-Bahrain – Ancient Harbour and Capital of Dilmun,Cultural,,,,0,0,bh,2005
1542,Dilmun Burial Mounds,Cultural,,,,0,0,bh,2019
321,Historic Mosque City of Bagerhat,Cultural,,,,0,0,bd,1985
322,Ruins of the Buddhist Vihara at Paharpur,Cultural,,,,0,0,bd,1985
798,The Sundarbans,Natural,,,,0,0,bd,1997
1376,Historic Bridgetown and its Garrison,Cultural,,,,0,0,bb,2011
625,Mir Castle Complex,Cultural,,,,0,0,by,2000
1196,"Architectural, Residential and Cultural Complex of the Radziwill Family at Nesvizh",Cultural,,,,0,0,by,2005
855,Flemish Béguinages,Cultural,,,,0,0,be,1998
856,"The Four Lifts on the Canal du Centre and their Environs, La Louvière and Le Roeulx (Hainaut)",Cultural,,,,0,0,be,1998
857,"La Grand-Place, Brussels",Cultural,,,,0,0,be,1998
996,Historic Centre of Brugge,Cultural,,,,0,0,be,2000
1005,Major Town Houses of the Architect Victor Horta (Brussels),Cultural,,,,0,0,be,2000
1006,Neolithic Flint Mines at Spiennes (Mons),Cultural,,,,0,0,be,2000
1009,Notre-Dame Cathedral in Tournai,Cultural,,,,0,0,be,2000
1185,Plantin-Moretus House-Workshops-Museum Complex,Cultural,,,,0,0,be,2005
1298,Stoclet House,Cultural,,,,0,0,be,2009
1344,Major Mining Sites of Wallonia,Cultural,,,,0,0,be,2012
764,Belize Barrier Reef Reserve System,Natural,,,,1,0,bz,1996
323,Royal Palaces of Abomey,Cultural,,,,0,0,bj,1985
529,Jesuit Missions of the Chiquitos,Cultural,,,,0,0,bo,1990
566,Historic City of Sucre,Cultural,,,,0,0,bo,1991
567,Tiwanaku: Spiritual and Political Centre of the Tiwanaku Culture,Cultural,,,,0,0,bo,2000
883,Fuerte de Samaipata,Cultural,,,,0,0,bo,1998
967,Noel Kempff Mercado National Park,Natural,,,,0,0,bo,2000
420,City of Potosí,Cultural,,,,1,0,bo,1987
946,Old Bridge Area of the Old City of Mostar,Cultural,,,,0,0,ba,2005
1260,Mehmed Paša Sokolović Bridge in Višegrad,Cultural,,,,0,0,ba,2007
1673,"Vjetrenica Cave, Ravno",Natural,,,,0,0,ba,2024
1021,Tsodilo,Cultural,,,,0,0,bw,2001
1432,Okavango Delta,Natural,,,,0,0,bw,2014
124,Historic Town of Ouro Preto,Cultural,,,,0,0,br,1980
189,Historic Centre of the Town of Olinda,Cultural,,,,0,0,br,1982
309,Historic Centre of Salvador de Bahia,Cultural,,,,0,0,br,1985
334,Sanctuary of Bom Jesus do Congonhas,Cultural,,,,0,0,br,1985
355,Iguaçu National Park,Natural,,,,1,0,br,1986
445,Brasilia,Cultural,,,,0,0,br,1987
606,Serra da Capivara National Park,Cultural,,,,0,0,br,1991
821,Historic Centre of São Luís,Cultural,,,,0,0,br,1997
890,Historic Centre of the Town of Diamantina,Cultural,,,,0,0,br,1999
892,Discovery Coast Atlantic Forest Reserves,Natural,,,,0,0,br,1999
893,Atlantic Forest South-East Reserves,Natural,,,,0,0,br,1999
993,Historic Centre of the Town of Goiás,Cultural,,,,0,0,br,2001
998,Central Amazon Conservation Complex,Natural,,,,0,0,br,2000
999,Pantanal Conservation Area,Natural,,,,0,0,br,2000
1000,Brazilian Atlantic Islands: Fernando de Noronha and Atol das Rocas Reserves,Natural,,,,0,0,br,2001
1272,São Francisco Square in the Town of São Cristóvão,Cultural,,,,0,0,br,2010
1100,Rio de Janeiro: Carioca Landscapes between the Mountain and the Sea,Cultural,,,,0,0,br,2012
1493,Pampulha Modern Ensemble,Cultural,,,,0,0,br,2016
1548,Valongo Wharf Archaeological Site,Cultural,,,,0,0,br,2017
1308,Paraty and Ilha Grande – Culture and Biodiversity,Mixed,,,,0,0,br,2019
1620,Sítio Roberto Burle Marx,Cultural,,,,0,0,br,2021
1035,Cerrado Protected Areas: Chapada dos Veadeiros and Emas National Parks,Natural,,,,0,0,br,2001
1611,Lençóis Maranhenses National Park,Natural,,,,0,0,br,2024
1747,Peruaçu River Canyon,Natural,,,,0,0,br,2025
1774,Amazonia Theaters,Cultural,,,,0,0,br,2026
44,Thracian Tomb of Kazanlak,Cultural,,,,0,0,bg,1979
45,Rock-Hewn Churches of Ivanovo,Cultural,,,,0,0,bg,1979
216,Rila Monastery,Cultural,,,,0,0,bg,1983
219,Srebarna Nature Reserve,Natural,,,,1,0,bg,1983
225,Pirin National Park,Natural,,,,0,0,bg,1983
217,Ancient City of Nessebar,Cultural,,,,0,0,bg,1983
42,Boyana Church,Cultural,,,,0,0,bg,1979
43,Madara Rider,Cultural,,,,0,0,bg,1979
359,Thracian Tomb of Sveshtari,Cultural,,,,0,0,bg,1985
1225,Ruins of Loropéni,Cultural,,,,0,0,bf,2009
1602,Ancient Ferrous Metallurgy Sites of Burkina Faso,Cultural,,,,0,0,bf,2019
1713,Royal Court of Tiébélé,Cultural,,,,0,0,bf,2024
1310,"Cidade Velha, Historic Centre of Ribeira Grande",Cultural,,,,0,0,cv,2009
668,Angkor,Cultural,,,,1,0,kh,1992
1224,Temple of Preah Vihear,Cultural,,,,0,0,kh,2008
1532,"Temple Zone of Sambor Prei Kuk, Archaeological Site of Ancient Ishanapura",Cultural,,,,0,0,kh,2017
1667,Koh Ker: Archaeological Site of Ancient Lingapura or Chok Gargyar,Cultural,,,,0,0,kh,2023
1748,Cambodian Memorial Sites: From centres of repression to places of peace and reflection,Cultural,,,,0,0,kh,2025
407,Dja Faunal Reserve,Natural,,,,0,0,cm,1987
1745,Diy-Gid-Biy Cultural Landscape of the Mandara Mountains,Cultural,,,,0,0,cm,2025
24,Nahanni National Park,Natural,,,,0,0,ca,1978
71,Dinosaur Provincial Park,Natural,,,,0,0,ca,1979
157,S<U>G</U>ang Gwaay,Cultural,,,,0,0,ca,1981
256,Wood Buffalo National Park,Natural,,,,0,0,ca,1983
300,Historic District of Old Québec,Cultural,,,,0,0,ca,1985
304,Canadian Rocky Mountain Parks,Natural,,,,0,0,ca,1984
419,Gros Morne National Park,Natural,,,,0,0,ca,1987
686,Miguasha National Park,Natural,,,,0,0,ca,1999
741,Old Town Lunenburg,Cultural,,,,0,0,ca,1995
1221,Rideau Canal,Cultural,,,,0,0,ca,2007
1285,Joggins Fossil Cliffs,Natural,,,,0,0,ca,2008
1404,Landscape of Grand Pré,Cultural,,,,0,0,ca,2012
1412,Red Bay Basque Whaling Station,Cultural,,,,0,0,ca,2013
1497,Mistaken Point,Natural,,,,0,0,ca,2016
1415,Pimachiowin Aki,Mixed,,,,0,0,ca,2018
4,L’Anse aux Meadows National Historic Site,Cultural,,,,0,0,ca,1978
1597,Writing-on-Stone / Áísínai’pi,Cultural,,,,0,0,ca,2019
158,Head-Smashed-In Buffalo Jump,Cultural,,,,0,0,ca,1981
1564,Tr’ondëk-Klondike,Cultural,,,,0,0,ca,2023
1686,Anticosti,Natural,,,,0,0,ca,2023
475,Manovo-Gounda St Floris National Park,Natural,,,,1,0,cf,1988
1400,Lakes of Ounianga,Natural,,,,0,0,td,2012
1475,Ennedi Massif: Natural and Cultural Landscape,Mixed,,,,0,0,td,2016
715,Rapa Nui National Park,Cultural,,,,0,0,cl,1995
959,Historic Quarter of the Seaport City of Valparaíso,Cultural,,,,0,0,cl,2003
1214,Sewell Mining Town,Cultural,,,,0,0,cl,2006
1178,Humberstone and Santa Laura Saltpeter Works,Cultural,,,,0,0,cl,2005
971,Churches of Chiloé,Cultural,,,,0,0,cl,2000
1634,Settlement and Artificial Mummification of the Chinchorro Culture in the Arica and Parinacota Region,Cultural,,,,0,0,cl,2021
437,Mount Taishan,Mixed,,,,0,0,cn,1987
438,The Great Wall,Cultural,,,,0,0,cn,1987
439,Imperial Palaces of the Ming and Qing Dynasties in Beijing and Shenyang,Cultural,,,,0,0,cn,1987
440,Mogao Caves,Cultural,,,,0,0,cn,1987
441,Mausoleum of the First Qin Emperor,Cultural,,,,0,0,cn,1987
449,Peking Man Site at Zhoukoudian,Cultural,,,,0,0,cn,1987
637,Jiuzhaigou Valley Scenic and Historic Interest Area,Natural,,,,0,0,cn,1992
638,Huanglong Scenic and Historic Interest Area,Natural,,,,0,0,cn,1992
640,Wulingyuan Scenic and Historic Interest Area,Natural,,,,0,0,cn,1992
703,"Mountain Resort and its Outlying Temples, Chengde",Cultural,,,,0,0,cn,1994
704,Temple and Cemetery of Confucius and the Kong Family Mansion in Qufu,Cultural,,,,0,0,cn,1994
705,Ancient Building Complex in the Wudang Mountains,Cultural,,,,0,0,cn,1994
707,"Historic Ensemble of the Potala Palace, Lhasa",Cultural,,,,0,0,cn,1994
778,Lushan National Park,Cultural,,,,0,0,cn,1996
779,"Mount Emei Scenic Area, including Leshan Giant Buddha Scenic Area",Mixed,,,,0,0,cn,1996
812,Ancient City of Ping Yao,Cultural,,,,0,0,cn,1997
813,Classical Gardens of Suzhou,Cultural,,,,0,0,cn,1997
880,"Summer Palace, an Imperial Garden in Beijing",Cultural,,,,0,0,cn,1998
881,Temple of Heaven: an Imperial Sacrificial Altar in Beijing,Cultural,,,,0,0,cn,1998
912,Dazu Rock Carvings,Cultural,,,,0,0,cn,1999
1001,Mount Qingcheng and the Dujiangyan Irrigation System,Cultural,,,,0,0,cn,2000
1002,Ancient Villages in Southern Anhui – Xidi and Hongcun,Cultural,,,,0,0,cn,2000
1003,Longmen Grottoes,Cultural,,,,0,0,cn,2000
1004,Imperial Tombs of the Ming and Qing Dynasties,Cultural,,,,0,0,cn,2000
1039,Yungang Grottoes,Cultural,,,,0,0,cn,2001
1110,Historic Centre of Macao,Cultural,,,,0,0,cn,2005
1114,Yin Xu,Cultural,,,,0,0,cn,2006
1135,Capital Cities and Tombs of the Ancient Koguryo Kingdom,Cultural,,,,0,0,cn,2004
1213,"Sichuan Giant Panda Sanctuaries - Wolong, Mt Siguniang and Jiajin Mountains",Natural,,,,0,0,cn,2006
1112,Kaiping Diaolou and Villages,Cultural,,,,0,0,cn,2007
1113,Fujian <em>Tulou</em>,Cultural,,,,0,0,cn,2008
1292,Mount Sanqingshan National Park,Natural,,,,0,0,cn,2008
1279,Mount Wutai,Cultural,,,,0,0,cn,2009
1335,China Danxia,Natural,,,,0,0,cn,2010
1305,Historic Monuments of Dengfeng in “The Centre of Heaven and Earth”,Cultural,,,,0,0,cn,2010
1083,Three Parallel Rivers of Yunnan Protected Areas,Natural,,,,0,0,cn,2003
1334,West Lake Cultural Landscape of Hangzhou,Cultural,,,,0,0,cn,2011
1388,Chengjiang Fossil Site,Natural,,,,0,0,cn,2012
1389,Site of Xanadu,Cultural,,,,0,0,cn,2012
1414,Xinjiang Tianshan,Natural,,,,0,0,cn,2013
1111,Cultural Landscape of Honghe Hani Rice Terraces,Cultural,,,,0,0,cn,2013
547,Mount Huangshan,Mixed,,,,0,0,cn,1990
811,Old Town of Lijiang,Cultural,,,,0,0,cn,1997
1248,South China Karst,Natural,,,,0,0,cn,2007
1474,Tusi Sites,Cultural,,,,0,0,cn,2015
1508,Zuojiang Huashan Rock Art Cultural Landscape,Cultural,,,,0,0,cn,2016
1540,Qinghai Hoh Xil,Natural,,,,0,0,cn,2017
1541,"Kulangsu, a Historic International Settlement",Cultural,,,,0,0,cn,2017
1443,The Grand Canal,Cultural,,,,0,0,cn,2014
1559,Fanjingshan,Natural,,,,0,0,cn,2018
911,Mount Wuyi,Mixed,,,,0,0,cn,1999
1592,Archaeological Ruins of Liangzhu City,Cultural,,,,0,0,cn,2019
1561,Quanzhou: Emporium of the World in Song-Yuan China,Cultural,,,,0,0,cn,2021
1509,Hubei Shennongjia,Natural,,,,0,0,cn,2016
1665,Cultural Landscape of Old Tea Forests of the Jingmai Mountain in Pu’er,Cultural,,,,0,0,cn,2023
1714,Beijing Central Axis: A Building Ensemble Exhibiting the Ideal Order of the Chinese Capital,Cultural,,,,0,0,cn,2024
1638,Badain Jaran Desert - Towers of Sand and Lakes,Natural,,,,0,0,cn,2024
1606,Migratory Bird Sanctuaries along the Coast of Yellow Sea-Bohai Gulf of China,Natural,,,,0,0,cn,2019
1736,Xixia Imperial Tombs,Cultural,,,,0,0,cn,2025
1765,Jingdezhen Handicraft Porcelain Industry Sites,Cultural,,,,0,0,cn,2026
285,"Port, Fortresses and Group of Monuments, Cartagena",Cultural,,,,0,0,co,1984
711,Los Katíos National Park,Natural,,,,1,0,co,1994
742,Historic Centre of Santa Cruz de Mompox,Cultural,,,,0,0,co,1995
743,National Archeological Park of Tierradentro,Cultural,,,,0,0,co,1995
744,San Agustín Archaeological Park,Cultural,,,,0,0,co,1995
1216,Malpelo Fauna and Flora Sanctuary,Natural,,,,0,0,co,2006
1121,Coffee Cultural Landscape of Colombia,Cultural,,,,0,0,co,2011
1174,Chiribiquete National Park – “The Maloca of the Jaguar”,Mixed,,,,0,0,co,2018
1768,The Medinas of the Historic Sultanates of the Comoros,Cultural,,,,0,0,km,2026
692,Forest Massif of Odzala-Kokoua,Natural,,,,0,0,cg,2023
820,Cocos Island National Park,Natural,,,,0,0,cr,1997
928,Area de Conservación Guanacaste,Natural,,,,0,0,cr,1999
1453,Precolumbian Chiefdom Settlements with Stone Spheres of the Diquís,Cultural,,,,0,0,cr,2014
1322,Historic Town of Grand-Bassam,Cultural,,,,0,0,ci,2012
1648,Sudanese style mosques in northern Côte d’Ivoire,Cultural,,,,0,0,ci,2021
195,Taï National Park,Natural,,,,0,0,ci,1982
227,Comoé National Park,Natural,,,,1,0,ci,1983
97,Historical Complex of Split with the Palace of Diocletian,Cultural,,,,0,0,hr,1979
809,Episcopal Complex of the Euphrasian Basilica in the Historic Centre of Poreč,Cultural,,,,0,0,hr,1997
810,Historic City of Trogir,Cultural,,,,0,0,hr,1997
963,The Cathedral of St James in Šibenik,Cultural,,,,0,0,hr,2000
1240,Stari Grad Plain,Cultural,,,,0,0,hr,2008
95,Old City of Dubrovnik,Cultural,,,,1,0,hr,1979
98,Plitvice Lakes National Park,Natural,,,,1,0,hr,1979
204,Old Havana and its Fortification System,Cultural,,,,0,0,cu,1982
460,Trinidad and the Valley de los Ingenios,Cultural,,,,0,0,cu,1988
839,Alejandro de Humboldt National Park,Natural,,,,0,0,cu,2001
840,Viñales Valley,Cultural,,,,0,0,cu,1999
841,"San Pedro de la Roca Castle, Santiago de Cuba",Cultural,,,,0,0,cu,1997
889,Desembarco del Granma National Park,Natural,,,,0,0,cu,1999
1008,Archaeological Landscape of the First Coffee Plantations in the South-East of Cuba,Cultural,,,,0,0,cu,2000
1202,Urban Historic Centre of Cienfuegos,Cultural,,,,0,0,cu,2005
1270,Historic Centre of Camagüey,Cultural,,,,0,0,cu,2008
79,Paphos,Cultural,,,,0,0,cy,1980
351,Painted Churches in the Troodos Region,Cultural,,,,0,0,cy,1985
848,Choirokoitia,Cultural,,,,0,0,cy,1998
617,Historic Centre of Český Krumlov,Cultural,,,,0,0,cz,1992
621,Historic Centre of Telč,Cultural,,,,0,0,cz,1992
690,Pilgrimage Church of St John of Nepomuk at Zelená Hora,Cultural,,,,0,0,cz,1994
732,Kutná Hora: Historical Town Centre with the Church of St Barbara and the Cathedral of Our Lady at Sedlec,Cultural,,,,0,0,cz,1995
859,Holy Trinity Column in Olomouc,Cultural,,,,0,0,cz,2000
860,Gardens and Castle at Kroměříž,Cultural,,,,0,0,cz,1998
861,Holašovice Historic Village,Cultural,,,,0,0,cz,1998
901,Litomyšl Castle,Cultural,,,,0,0,cz,1999
1052,Tugendhat Villa in Brno,Cultural,,,,0,0,cz,2001
616,Historic Centre of Prague,Cultural,,,,0,0,cz,1992
1078,Jewish Quarter and St Procopius' Basilica in Třebíč,Cultural,,,,0,0,cz,2003
1558,Žatec and the Landscape of Saaz Hops,Cultural,,,,0,0,cz,2023
1589,Landscape for Breeding and Training of Ceremonial Carriage Horses at Kladruby nad Labem,Cultural,,,,0,0,cz,2019
763,Lednice-Valtice Cultural Landscape,Cultural,,,,0,0,cz,1996
1091,Complex of Koguryo Tombs,Cultural,,,,0,0,kp,2004
1278,Historic Monuments and Sites in Kaesong,Cultural,,,,0,0,kp,2013
1642,Mount Kumgang – Diamond Mountain from the Sea,Mixed,,,,0,0,kp,2025
63,Virunga National Park,Natural,,,,1,0,cd,1979
137,Kahuzi-Biega National Park,Natural,,,,1,0,cd,1980
280,Salonga National Park,Natural,,,,1,0,cd,1984
718,Okapi Wildlife Reserve,Natural,,,,1,0,cd,1996
136,Garamba National Park,Natural,,,,0,0,cd,2026
695,Roskilde Cathedral,Cultural,,,,0,0,dk,1995
696,Kronborg Castle,Cultural,,,,0,0,dk,2000
1416,Stevns Klint,Natural,,,,0,0,dk,2014
1469,The par force hunting landscape in North Zealand,Cultural,,,,0,0,dk,2015
1536,Kujataa Greenland: Norse and Inuit Farming at the Edge of the Ice Cap,Cultural,,,,0,0,dk,2017
1557,Aasivissuit – Nipisat. Inuit Hunting Ground between Ice and Sea,Cultural,,,,0,0,dk,2018
697,"Jelling Mounds, Runic Stones and Church",Cultural,,,,0,0,dk,1994
1149,Ilulissat Icefjord,Natural,,,,0,0,dk,2004
1660,Viking-Age Ring Fortresses,Cultural,,,,0,0,dk,2023
1728,Møns Klint,Natural,,,,0,0,dk,2025
1758,The Bony Fish Fossils of the Western Limfjord – Evolution and Climate Adaptation in the Earliest Eocene,Natural,,,,0,0,dk,2026
814,Morne Trois Pitons National Park,Natural,,,,0,0,dm,1997
526,Colonial City of Santo Domingo,Cultural,,,,0,0,do,1990
1,Galápagos Islands,Natural,,,,1,0,ec,1978
2,City of Quito,Cultural,,,,0,0,ec,1978
260,Sangay National Park,Natural,,,,1,0,ec,1983
863,Historic Centre of Santa Ana de los Ríos de Cuenca,Cultural,,,,0,0,ec,1999
86,Memphis and its Necropolis – the Pyramid Fields from Giza to Dahshur,Cultural,,,,0,0,eg,1979
87,Ancient Thebes with its Necropolis,Cultural,,,,0,0,eg,1979
88,Nubian Monuments from Abu Simbel to Philae,Cultural,,,,0,0,eg,1979
89,Historic Cairo,Cultural,,,,0,0,eg,1979
90,Abu Mena,Cultural,,,,1,0,eg,1979
954,Saint Catherine Area,Cultural,,,,0,0,eg,2002
1186,Wadi Al-Hitan (Whale Valley),Natural,,,,0,0,eg,2005
675,Joya de Cerén Archaeological Site,Cultural,,,,0,0,sv,1993
1550,Asmara: A Modernist African City,Cultural,,,,0,0,er,2017
822,Historic Centre (Old Town) of Tallinn,Cultural,,,,0,0,ee,1997
9,Simien National Park,Natural,,,,1,0,et,1978
10,Lower Valley of the Awash,Cultural,,,,0,0,et,1980
12,Tiya,Cultural,,,,0,0,et,1980
15,Aksum,Cultural,,,,0,0,et,1980
17,Lower Valley of the Omo,Cultural,,,,0,0,et,1980
18,"Rock-Hewn Churches, Lalibela",Cultural,,,,0,0,et,1978
19,"Fasil Ghebbi, Gondar Region",Cultural,,,,0,0,et,1979
1189,"Harar Jugol, the Fortified Historic Town",Cultural,,,,0,0,et,2006
1333,Konso Cultural Landscape,Cultural,,,,0,0,et,2011
1641,The Gedeo Cultural Landscape,Cultural,,,,0,0,et,2023
111,Bale Mountains National Park,Natural,,,,0,0,et,2023
13,Melka Kunture and Balchit: Archaeological and Palaeontological Sites in the Highland Area of Ethiopia,Cultural,,,,0,0,et,2024
1399,Levuka Historical Port Town,Cultural,,,,0,0,fj,2013
579,Bronze Age Burial Site of Sammallahdenmäki,Cultural,,,,0,0,fi,1999
583,Fortress of Suomenlinna,Cultural,,,,0,0,fi,1991
584,Petäjävesi Old Church,Cultural,,,,0,0,fi,1994
751,Verla Groundwood and Board Mill,Cultural,,,,0,0,fi,1996
582,Old Rauma,Cultural,,,,0,0,fi,1991
1752,Aalto Works,Cultural,,,,0,0,fi,2026
228,"Historic Centre of Avignon: Papal Palace, Episcopal Ensemble and Avignon Bridge",Cultural,,,,0,0,fr,1995
258,"Gulf of Porto: Calanche of Piana, Gulf of Girolata, Scandola Reserve",Natural,,,,0,0,fr,1983
345,Historic Fortified City of Carcassonne,Cultural,,,,0,0,fr,1997
601,"Cathedral of Notre-Dame, Former Abbey of Saint-Rémi and Palace of Tau, Reims",Cultural,,,,0,0,fr,1991
770,Canal du Midi,Cultural,,,,0,0,fr,1996
872,Historic Site of Lyon,Cultural,,,,0,0,fr,1998
873,"Provins, Town of Medieval Fairs",Cultural,,,,0,0,fr,2001
932,Jurisdiction of Saint-Emilion,Cultural,,,,0,0,fr,1999
1181,"Le Havre, the City Rebuilt by Auguste Perret",Cultural,,,,0,0,fr,2005
1256,"Bordeaux, Port of the Moon",Cultural,,,,0,0,fr,2007
1283,Fortifications of Vauban,Cultural,,,,0,0,fr,2008
1115,Lagoons of New Caledonia: Reef Diversity and Associated Ecosystems,Natural,,,,0,0,fr,2008
165,Cistercian Abbey of Fontenay,Cultural,,,,0,0,fr,1981
344,Pont du Gard (Roman Aqueduct),Cultural,,,,0,0,fr,1985
163,"Roman Theatre and its Surroundings and the ""Triumphal Arch"" of Orange",Cultural,,,,0,0,fr,1981
83,Palace and Park of Versailles,Cultural,,,,0,0,fr,1979
84,"Vézelay, Church and Hill",Cultural,,,,0,0,fr,1979
1317,"Pitons, cirques and remparts of Reunion Island",Natural,,,,0,0,fr,2010
203,"From the Great Saltworks of Salins-les-Bains to the Royal Saltworks of Arc-et-Senans, the Production of Open-pan Salt",Cultural,,,,0,0,fr,1982
1337,Episcopal City of Albi,Cultural,,,,0,0,fr,2010
81,Chartres Cathedral,Cultural,,,,0,0,fr,1979
1360,Nord-Pas de Calais Mining Basin,Cultural,,,,0,0,fr,2012
1153,"The Causses and the Cévennes, Mediterranean agro-pastoral Cultural Landscape",Cultural,,,,0,0,fr,2011
162,Amiens Cathedral,Cultural,,,,0,0,fr,1981
635,Bourges Cathedral,Cultural,,,,0,0,fr,1992
1426,"Decorated Cave of Pont d’Arc, known as Grotte Chauvet-Pont d’Arc, Ardèche",Cultural,,,,0,0,fr,2014
1425,"The Climats, terroirs of Burgundy",Cultural,,,,0,0,fr,2015
1465,"Champagne Hillsides, Houses and Cellars",Cultural,,,,0,0,fr,2015
1529,Taputapuātea,Cultural,,,,0,0,fr,2017
495,"Strasbourg, Grande-Île and <em>Neustadt</em>",Cultural,,,,0,0,fr,1988
229,"Place Stanislas, Place de la Carrière and Place d'Alliance in Nancy",Cultural,,,,0,0,fr,1983
933,The Loire Valley between Sully-sur-Loire and Chalonnes,Cultural,,,,0,0,fr,2000
1434,Chaîne des Puys - Limagne fault tectonic arena,Natural,,,,0,0,fr,2018
80,Mont-Saint-Michel and its Bay,Cultural,,,,0,0,fr,1979
1625,Cordouan Lighthouse,Cultural,,,,0,0,fr,2021
1635,"Nice, Winter Resort Town of the Riviera",Cultural,,,,0,0,fr,2021
1657,Volcanoes and Forests of Mount Pelée and the Pitons of Northern Martinique,Natural,,,,0,0,fr,2023
1569,The Maison Carrée of Nîmes,Cultural,,,,0,0,fr,2023
1707,Te Henua Enata – The Marquesas Islands,Mixed,,,,0,0,fr,2024
85,Prehistoric Sites and Decorated Caves of the Vézère Valley,Cultural,,,,0,0,fr,1979
1603,French Austral Lands and Seas,Natural,,,,0,0,fr,2019
1725,Megaliths of Carnac and of the shores of Morbihan,Cultural,,,,0,0,fr,2025
230,Abbey Church of Saint-Savin sur Gartempe,Cultural,,,,0,0,fr,1983
600,"Paris, Banks of the Seine",Cultural,,,,0,0,fr,1991
1755,Royal Capetian Fortresses of Languedoc,Cultural,,,,0,0,fr,2026
1581,"Beaches of the D-Day Landings, Normandy, 1944",Cultural,,,,0,0,fr,2026
868,Routes of Santiago de Compostela in France,Cultural,,,,0,0,fr,1998
160,Palace and Park of Fontainebleau,Cultural,,,,0,0,fr,1981
164,"Arles, Roman and Romanesque Monuments",Cultural,,,,0,0,fr,1981
1147,Ecosystem and Relict Cultural Landscape of Lopé-Okanda,Mixed,,,,0,0,ga,2007
1653,Ivindo National Park,Natural,,,,0,0,ga,2021
761,Kunta Kinteh Island and Related Sites,Cultural,,,,0,0,gm,2003
709,Upper Svaneti,Cultural,,,,0,0,ge,1996
710,Gelati Monastery,Cultural,,,,1,0,ge,1994
708,Historical Monuments of Mtskheta,Cultural,,,,1,0,ge,1994
1616,Colchic Rainforests and Wetlands,Natural,,,,0,0,ge,2021
168,Speyer Cathedral,Cultural,,,,0,0,de,1981
367,"Roman Monuments, Cathedral of St Peter and Church of Our Lady in Trier",Cultural,,,,0,0,de,1986
532,Palaces and Parks of Potsdam and Berlin,Cultural,,,,0,0,de,1990
535,"Collegiate Church, Castle and Old Town of Quedlinburg",Cultural,,,,0,0,de,1994
624,Town of Bamberg,Cultural,,,,0,0,de,1993
687,Völklingen Ironworks,Cultural,,,,0,0,de,1994
783,Luther Memorials in Eisleben and Wittenberg,Cultural,,,,0,0,de,1996
846,Classical Weimar,Cultural,,,,0,0,de,1998
896,"Museumsinsel (Museum Island), Berlin",Cultural,,,,0,0,de,1999
897,Wartburg Castle,Cultural,,,,0,0,de,1999
974,Monastic Island of Reichenau,Cultural,,,,0,0,de,2000
975,Zollverein Coal Mine Industrial Complex in Essen,Cultural,,,,0,0,de,2001
1066,Upper Middle Rhine Valley,Cultural,,,,0,0,de,2002
1067,Historic Centres of Stralsund and Wismar,Cultural,,,,0,0,de,2002
1087,Town Hall and Roland on the Marketplace of Bremen,Cultural,,,,0,0,de,2004
1155,Old town of Regensburg with Stadtamhof,Cultural,,,,0,0,de,2006
623,"Mines of Rammelsberg, Historic Town of Goslar and Upper Harz Water Management System",Cultural,,,,0,0,de,1992
187,St Mary's Cathedral and St Michael's Church at Hildesheim,Cultural,,,,0,0,de,1985
292,Cologne Cathedral,Cultural,,,,1,0,de,1996
272,Hanseatic City of Lübeck,Cultural,,,,0,0,de,1987
720,Messel Pit Fossil Site,Natural,,,,0,0,de,1995
169,Würzburg Residence with the Court Gardens and Residence Square,Cultural,,,,0,0,de,1981
1368,Fagus Factory in Alfeld,Cultural,,,,0,0,de,2011
1379,Margravial Opera House Bayreuth,Cultural,,,,0,0,de,2012
271,Pilgrimage Church of Wies,Cultural,,,,0,0,de,1983
515,Abbey and Altenmünster of Lorsch,Cultural,,,,0,0,de,1991
1413,Bergpark Wilhelmshöhe,Cultural,,,,0,0,de,2013
3,Aachen Cathedral,Cultural,,,,0,0,de,1978
1447,Carolingian Westwork and Civitas Corvey,Cultural,,,,0,0,de,2014
1467,Speicherstadt and Kontorhaus District with Chilehaus,Cultural,,,,0,0,de,2015
1527,Caves and Ice Age Art in the Swabian Jura,Cultural,,,,0,0,de,2017
729,"Bauhaus and its Sites in Weimar, Dessau and Bernau",Cultural,,,,0,0,de,1996
1553,Archaeological Border complex of Hedeby and the Danevirke,Cultural,,,,0,0,de,2018
1580,Water Management System of Augsburg,Cultural,,,,0,0,de,2019
1470,Naumburg Cathedral,Cultural,,,,0,0,de,2018
1614,Mathildenhöhe Darmstadt,Cultural,,,,0,0,de,2021
534,Garden Kingdom of Dessau-Wörlitz,Cultural,,,,0,0,de,2000
546,Maulbronn Monastery Complex,Cultural,,,,0,0,de,1993
1636,"ShUM Sites of Speyer, Worms and Mainz",Cultural,,,,0,0,de,2021
1656,Jewish-Medieval Heritage of Erfurt,Cultural,,,,0,0,de,2023
1705,Schwerin Residence Ensemble,Cultural,,,,0,0,de,2024
1726,"The Palaces of King Ludwig II of Bavaria: Neuschwanstein, Linderhof, Schachen and Herrenchiemsee",Cultural,,,,0,0,de,2025
288,Castles of Augustusburg and Falkenlust at Brühl,Cultural,,,,0,0,de,1984
1239,Berlin Modernism Housing Estates,Cultural,,,,0,0,de,2008
34,"Forts and Castles, Volta, Greater Accra, Central and Western Regions",Cultural,,,,0,0,gh,1979
35,Asante Traditional Buildings,Cultural,,,,0,0,gh,1980
392,Temple of Apollo Epicurius at Bassae,Cultural,,,,0,0,gr,1986
393,Archaeological Site of Delphi,Cultural,,,,0,0,gr,1987
404,"Acropolis, Athens",Cultural,,,,0,0,gr,1987
454,Mount Athos,Mixed,,,,0,0,gr,1988
455,Meteora,Mixed,,,,0,0,gr,1988
456,Paleochristian and Byzantine Monuments of Thessalonika,Cultural,,,,0,0,gr,1988
491,Sanctuary of Asklepios at Epidaurus,Cultural,,,,0,0,gr,1988
493,Medieval City of Rhodes,Cultural,,,,0,0,gr,1988
511,Archaeological Site of Mystras,Cultural,,,,0,0,gr,1989
517,Archaeological Site of Olympia,Cultural,,,,0,0,gr,1989
530,Delos,Cultural,,,,0,0,gr,1990
537,"Monasteries of Daphni, Hosios Loukas and Nea Moni of Chios",Cultural,,,,0,0,gr,1990
595,Pythagoreion and Heraion of Samos,Cultural,,,,0,0,gr,1992
780,Archaeological Site of Aigai (modern name Vergina),Cultural,,,,0,0,gr,1996
941,Archaeological Sites of Mycenae and Tiryns,Cultural,,,,0,0,gr,1999
942,The Historic Centre (Chorá) with the Monastery of Saint-John the Theologian and the Cave of the Apocalypse on the Island of Pátmos,Cultural,,,,0,0,gr,1999
978,Old Town of Corfu,Cultural,,,,0,0,gr,2007
1517,Archaeological Site of Philippi,Cultural,,,,0,0,gr,2016
1695,Zagori Cultural Landscape,Cultural,,,,0,0,gr,2023
1733,Minoan Palatial Centres,Cultural,,,,0,0,gr,2025
1719,The wider area of Mount Olympus,Mixed,,,,0,0,gr,2026
64,Tikal National Park,Mixed,,,,0,0,gt,1979
65,Antigua Guatemala,Cultural,,,,0,0,gt,1979
149,Archaeological Park and Ruins of Quirigua,Cultural,,,,0,0,gt,1981
1663,National Archaeological Park Tak’alik Ab’aj,Cultural,,,,0,0,gt,2023
1431,Coastal and Marine Ecosystems of the Bijagós Archipelago – Omatí Minhô,Natural,,,,0,0,gw,2025
180,"National History Park – Citadel, Sans Souci, Ramiers",Cultural,,,,0,0,ht,1982
286,Vatican City,Cultural,,,,0,0,va,1984
196,Río Plátano Biosphere Reserve,Natural,,,,1,0,hn,1982
129,Maya Site of Copan,Cultural,,,,0,0,hn,1980
400,"Budapest, including the Banks of the Danube, the Buda Castle Quarter and Andrássy Avenue",Cultural,,,,0,0,hu,1987
401,Old Village of Hollókő and its Surroundings,Cultural,,,,0,0,hu,1987
474,Hortobágy National Park - the <i>Puszta</i>,Cultural,,,,0,0,hu,1999
758,Millenary Benedictine Abbey of Pannonhalma and its Natural Environment,Cultural,,,,0,0,hu,1996
853,Early Christian Necropolis of Pécs (Sopianae),Cultural,,,,0,0,hu,2000
1063,Tokaj Wine Region Historic Cultural Landscape,Cultural,,,,0,0,hu,2002
1152,Þingvellir National Park,Cultural,,,,0,0,is,2004
1267,Surtsey,Natural,,,,0,0,is,2008
1604,Vatnajökull National Park - Dynamic Nature of Fire and Ice,Natural,,,,0,0,is,2019
233,"Qutb Minar and its Monuments, Delhi",Cultural,,,,0,0,in,1993
234,Churches and Convents of Goa,Cultural,,,,0,0,in,1986
239,Group of Monuments at Pattadakal,Cultural,,,,0,0,in,1987
240,Khajuraho Group of Monuments,Cultural,,,,0,0,in,1986
242,Ajanta Caves,Cultural,,,,0,0,in,1983
243,Ellora Caves,Cultural,,,,0,0,in,1983
244,Elephanta Caves,Cultural,,,,0,0,in,1987
246,"Sun Temple, Konârak",Cultural,,,,0,0,in,1984
249,Group of Monuments at Mahabalipuram,Cultural,,,,0,0,in,1984
250,Great Living Chola Temples,Cultural,,,,0,0,in,1987
251,Agra Fort,Cultural,,,,0,0,in,1983
252,Taj Mahal,Cultural,,,,0,0,in,1983
255,Fatehpur Sikri,Cultural,,,,0,0,in,1986
335,Nanda Devi and Valley of Flowers National Parks,Natural,,,,0,0,in,1988
337,Kaziranga National Park,Natural,,,,0,0,in,1985
338,Manas Wildlife Sanctuary,Natural,,,,1,0,in,1985
340,Keoladeo National Park,Natural,,,,0,0,in,1985
452,Sundarbans National Park,Natural,,,,0,0,in,1987
524,Buddhist Monuments at Sanchi,Cultural,,,,0,0,in,1989
925,Rock Shelters of Bhimbetka,Cultural,,,,0,0,in,2003
945,Chhatrapati Shivaji Terminus (formerly Victoria Terminus),Cultural,,,,0,0,in,2004
1056,Mahabodhi Temple Complex at Bodh Gaya,Cultural,,,,0,0,in,2002
1101,Champaner-Pavagadh Archaeological Park,Cultural,,,,0,0,in,2004
231,Red Fort Complex,Cultural,,,,0,0,in,2007
944,Mountain Railways of India,Cultural,,,,0,0,in,1999
1338,"The Jantar Mantar, Jaipur",Cultural,,,,0,0,in,2010
1342,Western Ghats,Natural,,,,0,0,in,2012
241,Group of Monuments at Hampi,Cultural,,,,1,0,in,1986
247,Hill Forts of Rajasthan,Cultural,,,,0,0,in,2013
922,"Rani-ki-Vav (the Queen’s Stepwell) at Patan, Gujarat",Cultural,,,,0,0,in,2014
1406,Great Himalayan National Park Conservation Area,Natural,,,,0,0,in,2014
1480,Victorian Gothic and Art Deco Ensembles of Mumbai,Cultural,,,,0,0,in,2018
1502,"Archaeological Site of Nalanda Mahavihara at Nalanda, Bihar",Cultural,,,,0,0,in,2016
1513,Khangchendzonga National Park,Mixed,,,,0,0,in,2016
1551,Historic City of Ahmadabad,Cultural,,,,0,0,in,2017
232,"Humayun's Tomb, Delhi",Cultural,,,,0,0,in,1993
1605,"Jaipur City, Rajasthan",Cultural,,,,0,0,in,2019
1645,Dholavira: a Harappan City,Cultural,,,,0,0,in,2021
1375,Santiniketan,Cultural,,,,0,0,in,2023
1670,Sacred Ensembles of the Hoysalas,Cultural,,,,0,0,in,2023
1711,Moidams – the Mound-Burial System of the Ahom Dynasty,Cultural,,,,0,0,in,2024
1739,Maratha Military Landscapes of India,Cultural,,,,0,0,in,2025
927,Ancient Buddhist Site of Sarnath,Cultural,,,,0,0,in,2026
1570,"Kakatiya Rudreshwara (Ramappa) Temple, Telangana",Cultural,,,,0,0,in,2021
592,Borobudur Temple Compounds,Cultural,,,,0,0,id,1991
593,Sangiran Early Man Site,Cultural,,,,0,0,id,1996
608,Ujung Kulon National Park,Natural,,,,0,0,id,1991
609,Komodo National Park,Natural,,,,0,0,id,1991
642,Prambanan Temple Compounds,Cultural,,,,0,0,id,1991
955,Lorentz National Park,Natural,,,,0,0,id,1999
1167,Tropical Rainforest Heritage of Sumatra,Natural,,,,0,0,id,2004
1194,Cultural Landscape of Bali Province: the <em>Subak</em> System as a Manifestation of the <em>Tri Hita Karana</em> Philosophy,Cultural,,,,0,0,id,2012
1610,Ombilin Coal Mining Heritage of Sawahlunto,Cultural,,,,0,0,id,2019
1671,The Cosmological Axis of Yogyakarta and its Historic Landmarks,Cultural,,,,0,0,id,2023
113,Tchogha Zanbil,Cultural,,,,0,0,ir,1979
114,Persepolis,Cultural,,,,0,0,ir,1979
115,"Meidan Emam, Esfahan",Cultural,,,,0,0,ir,1979
1077,Takht-e Soleyman,Cultural,,,,0,0,ir,2003
1106,Pasargadae,Cultural,,,,0,0,ir,2004
1188,Soltaniyeh,Cultural,,,,0,0,ir,2005
1222,Bisotun,Cultural,,,,1,0,ir,2006
1262,Armenian Monastic Ensembles of Iran,Cultural,,,,0,0,ir,2008
1208,Bam and its Cultural Landscape,Cultural,,,,0,0,ir,2004
1315,Shushtar Historical Hydraulic System,Cultural,,,,0,0,ir,2009
1345,Sheikh Safi al-din Khānegāh and Shrine Ensemble in Ardabil,Cultural,,,,0,0,ir,2010
1346,Tabriz Historic Bazaar Complex,Cultural,,,,0,0,ir,2010
1372,The Persian Garden,Cultural,,,,0,0,ir,2011
1397,Masjed-e Jāmé of Isfahan,Cultural,,,,0,0,ir,2012
1398,Gonbad-e Qābus,Cultural,,,,0,0,ir,2012
1422,Golestan Palace,Cultural,,,,0,0,ir,2013
1455,Susa,Cultural,,,,0,0,ir,2015
1456,Shahr-i Sokhta,Cultural,,,,0,0,ir,2014
1423,Cultural Landscape of Maymand,Cultural,,,,0,0,ir,2015
1505,Lut Desert,Natural,,,,0,0,ir,2016
1506,The Persian Qanat,Cultural,,,,0,0,ir,2016
1544,Historic City of Yazd,Cultural,,,,0,0,ir,2017
1568,Sassanid Archaeological Landscape of Fars Region,Cultural,,,,0,0,ir,2018
1585,Trans-Iranian Railway,Cultural,,,,0,0,ir,2021
1647,Cultural Landscape of Hawraman/Uramanat,Cultural,,,,0,0,ir,2021
1668,The Persian Caravanserai,Cultural,,,,0,0,ir,2023
1716,Hegmataneh,Cultural,,,,0,0,ir,2024
1744,Prehistoric Sites of the Khorramabad Valley,Cultural,,,,0,0,ir,2025
1770,Alamūt Castle and Related Fortifications,Cultural,,,,0,0,ir,2026
277,Hatra,Cultural,,,,0,0,iq,1985
1130,Ashur (Qal'at Sherqat),Cultural,,,,1,0,iq,2003
276,Samarra Archaeological City,Cultural,,,,1,0,iq,2007
1437,Erbil Citadel,Cultural,,,,0,0,iq,2014
1481,The Ahwar of Southern Iraq: Refuge of Biodiversity and the Relict Landscape of the Mesopotamian Cities,Mixed,,,,0,0,iq,2016
278,Babylon,Cultural,,,,0,0,iq,2019
659,Brú na Bóinne - Archaeological Ensemble of the Bend of the Boyne,Cultural,,,,0,0,ie,1993
757,Sceilg Mhichíl,Cultural,,,,0,0,ie,1996
1040,Masada,Cultural,,,,0,0,il,2001
1042,Old City of Acre,Cultural,,,,0,0,il,2001
1096,White City of Tel-Aviv – the Modern Movement,Cultural,,,,0,0,il,2003
1107,Incense Route - Desert Cities in the Negev,Cultural,,,,0,0,il,2005
1108,"Biblical Tels - Megiddo, Hazor, Beer Sheba",Cultural,,,,0,0,il,2005
1220,Bahá’i Holy Places in Haifa and the Western Galilee,Cultural,,,,0,0,il,2008
1393,Sites of Human Evolution at Mount Carmel: The Nahal Me’arot / Wadi el-Mughara Caves,Cultural,,,,0,0,il,2012
1370,Caves of Maresha and Bet-Guvrin in the Judean Lowlands as a Microcosm of the Land of the Caves,Cultural,,,,0,0,il,2014
1471,Necropolis of Bet She’arim: A Landmark of Jewish Renewal,Cultural,,,,0,0,il,2015
93,Church and Dominican Convent of Santa Maria delle Grazie with “The Last Supper” by Leonardo da Vinci,Cultural,,,,0,0,it,1980
94,Rock Drawings in Valcamonica,Cultural,,,,0,0,it,1979
394,Venice and its Lagoon,Cultural,,,,0,0,it,1987
398,Castel del Monte,Cultural,,,,0,0,it,1996
549,"18th-Century Royal Palace at Caserta with the Park, the Aqueduct of Vanvitelli, and the San Leucio Complex",Cultural,,,,0,0,it,1997
550,Historic Centre of San Gimignano,Cultural,,,,0,0,it,1990
670,The Sassi and the Park of the Rupestrian Churches of Matera,Cultural,,,,0,0,it,1993
712,City of Vicenza and the Palladian Villas of the Veneto,Cultural,,,,0,0,it,1994
717,Historic Centre of Siena,Cultural,,,,0,0,it,1995
730,Crespi d'Adda,Cultural,,,,0,0,it,1995
733,"Ferrara, City of the Renaissance, and its Po Delta",Cultural,,,,0,0,it,1995
787,The <I>Trulli</I> of Alberobello,Cultural,,,,0,0,it,1996
788,Early Christian Monuments of Ravenna,Cultural,,,,0,0,it,1996
789,Historic Centre of the City of Pienza,Cultural,,,,0,0,it,1996
797,City of Verona,Cultural,,,,0,0,it,2000
824,"Botanical Garden (Orto Botanico), Padua",Cultural,,,,0,0,it,1997
827,"Cathedral, Torre Civica and Piazza Grande, Modena",Cultural,,,,0,0,it,1997
828,Historic Centre of Urbino,Cultural,,,,0,0,it,1998
830,Costiera Amalfitana,Cultural,,,,0,0,it,1997
831,Archaeological Area of Agrigento,Cultural,,,,0,0,it,1997
832,Villa Romana del Casale,Cultural,,,,0,0,it,1997
833,Su Nuraxi di Barumini,Cultural,,,,0,0,it,1997
842,"Cilento and Vallo di Diano National Park with the Archeological Sites of Paestum and Velia, and the Certosa di Padula",Cultural,,,,0,0,it,1998
907,Villa Adriana (Tivoli),Cultural,,,,0,0,it,1999
908,Isole Eolie (Aeolian Islands),Natural,,,,0,0,it,2000
990,"Assisi, the Basilica of San Francesco and Other Franciscan Sites",Cultural,,,,0,0,it,2000
1024,Late Baroque Towns of the Val di Noto (South-Eastern Sicily),Cultural,,,,0,0,it,2002
1025,"Villa d'Este, Tivoli",Cultural,,,,0,0,it,2001
1026,Val d'Orcia,Cultural,,,,0,0,it,2004
1068,<I>Sacri Monti</I> of Piedmont and Lombardy,Cultural,,,,0,0,it,2003
1158,Etruscan Necropolises of Cerveteri and Tarquinia,Cultural,,,,0,0,it,2004
1200,Syracuse and the Rocky Necropolis of Pantalica,Cultural,,,,0,0,it,2005
1211,Genoa: <i>Le Strade Nuove</i> and the system of the<i> Palazzi dei Rolli</i>,Cultural,,,,1,0,it,2006
1287,Mantua and Sabbioneta,Cultural,,,,0,0,it,2008
395,"Piazza del Duomo, Pisa",Cultural,,,,0,0,it,1987
1237,The Dolomites,Natural,,,,0,0,it,2009
823,Residences of the Royal House of Savoy,Cultural,,,,0,0,it,1997
1318,Longobards in Italy. Places of the Power (568-774 A.D.),Cultural,,,,0,0,it,2011
726,Historic Centre of Naples,Cultural,,,,0,0,it,1995
175,Medici Villas and Gardens in Tuscany,Cultural,,,,0,0,it,2013
1427,Mount Etna,Natural,,,,0,0,it,2013
1390,Vineyard Landscape of Piedmont: Langhe-Roero and Monferrato,Cultural,,,,0,0,it,2014
1487,Arab-Norman Palermo and the Cathedral Churches of Cefalú and Monreale,Cultural,,,,0,0,it,2015
1571,Le Colline del Prosecco di Conegliano e Valdobbiadene,Cultural,,,,0,0,it,2019
1623,Padua’s fourteenth-century fresco cycles,Cultural,,,,0,0,it,2021
1650,The Porticoes of Bologna,Cultural,,,,0,0,it,2021
1538,"Ivrea, industrial city of the 20th century",Cultural,,,,0,0,it,2018
826,"Portovenere, Cinque Terre, and the Islands (Palmaria, Tino and Tinetto)",Cultural,,,,0,0,it,1997
1692,Evaporitic Karst and Caves of Northern Apennines,Natural,,,,0,0,it,2023
174,Historic Centre of Florence,Cultural,,,,0,0,it,1982
829,"Archaeological Areas of Pompei, Herculaneum and Torre Annunziata",Cultural,,,,0,0,it,1997
1708,Via Appia. <em>Regina Viarum</em>,Cultural,,,,0,0,it,2024
1730,Funerary Tradition in the Prehistory of Sardinia – <em>The domus de janas</em>,Cultural,,,,0,0,it,2025
1762,The system of Italian-style <em>condominio</em> theatres of the 18th and 19th centuries in Central Italy,Cultural,,,,0,0,it,2026
825,Archaeological Area and the Patriarchal Basilica of Aquileia,Cultural,,,,0,0,it,1998
1356,Blue and John Crow Mountains,Mixed,,,,0,0,jm,2015
1595,The Archaeological Ensemble of 17th Century Port Royal,Cultural,,,,0,0,jm,2025
660,Buddhist Monuments in the Horyu-ji Area,Cultural,,,,0,0,jp,1993
661,Himeji-jo,Cultural,,,,0,0,jp,1993
662,Yakushima,Natural,,,,0,0,jp,1993
663,Shirakami-Sanchi,Natural,,,,0,0,jp,1993
688,"Historic Monuments of Ancient Kyoto (Kyoto, Uji and Otsu Cities)",Cultural,,,,0,0,jp,1994
734,Historic Villages of Shirakawa-go and Gokayama,Cultural,,,,0,0,jp,1995
775,Hiroshima Peace Memorial (Genbaku Dome),Cultural,,,,0,0,jp,1996
776,Itsukushima Shinto Shrine,Cultural,,,,0,0,jp,1996
870,Historic Monuments of Ancient Nara,Cultural,,,,0,0,jp,1998
913,Shrines and Temples of Nikko,Cultural,,,,0,0,jp,1999
972,Gusuku Sites and Related Properties of the Kingdom of Ryukyu,Cultural,,,,0,0,jp,2000
1193,Shiretoko,Natural,,,,0,0,jp,2005
1246,Iwami Ginzan Silver Mine and its Cultural Landscape,Cultural,,,,0,0,jp,2007
1362,Ogasawara Islands,Natural,,,,0,0,jp,2011
1277,"Hiraizumi – Temples, Gardens and Archaeological Sites Representing the Buddhist Pure Land",Cultural,,,,0,0,jp,2011
1418,"Fujisan, sacred place and source of artistic inspiration",Cultural,,,,0,0,jp,2013
1449,Tomioka Silk Mill and Related Sites,Cultural,,,,0,0,jp,2014
1484,"Sites of Japan’s Meiji Industrial Revolution: Iron and Steel, Shipbuilding and Coal Mining",Cultural,,,,0,0,jp,2015
1535,Sacred Island of Okinoshima and Associated Sites in the Munakata Region,Cultural,,,,0,0,jp,2017
1142,Sacred Sites and Pilgrimage Routes in the Kii Mountain Range,Cultural,,,,0,0,jp,2004
1495,Hidden Christian Sites in the Nagasaki Region,Cultural,,,,0,0,jp,2018
1574,"Amami-Oshima Island, Tokunoshima Island, Northern part of Okinawa Island, and Iriomote Island",Natural,,,,0,0,jp,2021
1632,Jomon Prehistoric Sites in Northern Japan,Cultural,,,,0,0,jp,2021
1698,Sado Island Gold Mines,Cultural,,,,0,0,jp,2024
1593,Mozu-Furuichi Kofun Group: Mounded Tombs of Ancient Japan,Cultural,,,,0,0,jp,2019
1757,Ancient Capitals of Asuka and Fujiwara,Cultural,,,,0,0,jp,2026
148,Old City of Jerusalem and its Walls,Cultural,,,,1,0,,1981
326,Petra,Cultural,,,,0,0,jo,1985
327,Quseir Amra,Cultural,,,,0,0,jo,1985
1093,Um er-Rasas (Kastrom Mefa'a),Cultural,,,,0,0,jo,2004
1377,Wadi Rum Protected Area,Mixed,,,,0,0,jo,2011
1446,Baptism Site “Bethany Beyond the Jordan” (Al-Maghtas),Cultural,,,,0,0,jo,2015
689,As-Salt - The Place of Tolerance and Urban Hospitality,Cultural,,,,0,0,jo,2021
1721,Umm Al-Jimāl,Cultural,,,,0,0,jo,2024
1742,Aqaba Marine Reserve,Natural,,,,0,0,jo,2026
1103,Mausoleum of Khoja Ahmed Yasawi,Cultural,,,,0,0,kz,2003
1145,Petroglyphs of the Archaeological Landscape of Tanbaly,Cultural,,,,0,0,kz,2004
1102,Saryarka – Steppe and Lakes of Northern Kazakhstan,Natural,,,,0,0,kz,2008
1760,Rock Mosques and Associated Sacred Sites of Mangystau,Cultural,,,,0,0,kz,2026
801,Lake Turkana National Parks,Natural,,,,0,0,ke,1997
1055,Lamu Old Town,Cultural,,,,0,0,ke,2001
1231,Sacred Mijikenda Kaya Forests,Cultural,,,,0,0,ke,2008
1060,Kenya Lake System in the Great Rift Valley,Natural,,,,0,0,ke,2011
1295,"Fort Jesus, Mombasa",Cultural,,,,0,0,ke,2011
800,Mount Kenya National Park/Natural Forest,Natural,,,,0,0,ke,1997
1450,Thimlich Ohinga Archaeological Site,Cultural,,,,0,0,ke,2018
1720,The Historic Town and Archaeological Site of Gedi,Cultural,,,,0,0,ke,2024
1325,Phoenix Islands Protected Area,Natural,,,,0,0,ki,2010
1230,Sulaiman-Too Sacred Mountain,Cultural,,,,0,0,kg,2009
481,Vat Phou and Associated Ancient Settlements within the Champasak Cultural Landscape,Cultural,,,,0,0,la,2001
479,Town of Luang Prabang,Cultural,,,,0,0,la,1995
1587,Megalithic Jar Sites in Xiengkhuang – Plain of Jars,Cultural,,,,0,0,la,2019
852,Historic Centre of Riga,Cultural,,,,0,0,lv,1997
1658,Old town of Kuldīga,Cultural,,,,0,0,lv,2023
293,Anjar,Cultural,,,,0,0,lb,1984
294,Baalbek,Cultural,,,,0,0,lb,1984
295,Byblos,Cultural,,,,0,0,lb,1984
299,Tyre,Cultural,,,,0,0,lb,1984
850,Ouadi Qadisha (the Holy Valley) and the Forest of the Cedars of God (Horsh Arz el-Rab),Cultural,,,,0,0,lb,1998
1702,Rachid Karami International Fair-Tripoli,Cultural,,,,0,0,lb,2023
1810,Mount Amel Castles,Cultural,,,,0,0,lb,2026
183,Archaeological Site of Leptis Magna,Cultural,,,,0,0,ly,1982
184,Archaeological Site of Sabratha,Cultural,,,,0,0,ly,1982
190,Archaeological Site of Cyrene,Cultural,,,,0,0,ly,1982
287,Rock-Art Sites of Tadrart Acacus,Cultural,,,,0,0,ly,1985
362,Old Town of Ghadamès,Cultural,,,,0,0,ly,1986
1137,Kernavė Archaeological Site (Cultural Reserve of Kernavė),Cultural,,,,0,0,lt,2004
541,Vilnius Historic Centre,Cultural,,,,0,0,lt,1994
1661,"Modernist Kaunas: Architecture of Optimism, 1919-1939",Cultural,,,,0,0,lt,2023
699,City of Luxembourg: its Old Quarters and Fortifications,Cultural,,,,0,0,lu,1994
950,Royal Hill of Ambohimanga,Cultural,,,,0,0,mg,2001
1257,Rainforests of the Atsinanana,Natural,,,,0,0,mg,2007
494,Andrefana Dry Forests,Natural,,,,0,0,mg,1990
289,Lake Malawi National Park,Natural,,,,0,0,mw,1984
476,Chongoni Rock-Art Area,Cultural,,,,0,0,mw,2006
1201,Mount Mulanje Cultural Landscape,Cultural,,,,0,0,mw,2025
1012,Kinabalu Park,Natural,,,,0,0,my,2000
1013,Gunung Mulu National Park,Natural,,,,0,0,my,2000
1396,Archaeological Heritage of the Lenggong Valley,Cultural,,,,0,0,my,2012
1223,"Melaka and George Town, Historic Cities of the Straits of Malacca",Cultural,,,,0,0,my,2008
1014,The Archaeological Heritage of Niah National Park’s Caves Complex,Cultural,,,,0,0,my,2024
1734,Forest Research Institute Malaysia Forest Park Selangor,Cultural,,,,0,0,my,2025
116,Old Towns of Djenné,Cultural,,,,0,0,ml,1988
119,Timbuktu,Cultural,,,,1,0,ml,1988
516,Cliff of Bandiagara (Land of the Dogons),Mixed,,,,0,0,ml,1989
1139,Tomb of Askia,Cultural,,,,1,0,ml,2004
130,Ħal Saflieni Hypogeum,Cultural,,,,0,0,mt,1980
131,City of Valletta,Cultural,,,,0,0,mt,1980
132,Megalithic Temples of Malta,Cultural,,,,0,0,mt,1980
1339,Bikini Atoll Nuclear Test Site,Cultural,,,,0,0,mh,2010
506,Banc d'Arguin National Park,Natural,,,,0,0,mr,1989
750,"Ancient <I>Ksour</I> of Ouadane, Chinguetti, Tichitt and Oualata",Cultural,,,,0,0,mr,1996
1227,Aapravasi Ghat,Cultural,,,,0,0,mu,2006
1259,Le Morne Cultural Landscape,Cultural,,,,0,0,mu,2008
410,Sian Ka'an,Natural,,,,0,0,mx,1987
411,Pre-Hispanic City and National Park of Palenque,Cultural,,,,0,0,mx,1987
412,Historic Centre of Mexico City and Xochimilco,Cultural,,,,0,0,mx,1987
414,Pre-Hispanic City of Teotihuacan,Cultural,,,,0,0,mx,1987
415,Historic Centre of Oaxaca and Archaeological Site of Monte Albán,Cultural,,,,0,0,mx,1987
416,Historic Centre of Puebla,Cultural,,,,0,0,mx,1987
482,Historic Town of Guanajuato and Adjacent Mines,Cultural,,,,0,0,mx,1988
483,Pre-Hispanic City of Chichen-Itza,Cultural,,,,0,0,mx,1988
554,Whale Sanctuary of El Vizcaino,Natural,,,,0,0,mx,1993
560,"Archaeological Zone of Paquimé, Casas Grandes",Cultural,,,,0,0,mx,1998
585,Historic Centre of Morelia,Cultural,,,,0,0,mx,1991
631,"El Tajin, Pre-Hispanic City",Cultural,,,,0,0,mx,1992
676,Historic Centre of Zacatecas,Cultural,,,,0,0,mx,1993
714,Rock Paintings of the Sierra de San Francisco,Cultural,,,,0,0,mx,1993
791,Pre-Hispanic Town of Uxmal,Cultural,,,,0,0,mx,1996
792,Historic Monuments Zone of Querétaro,Cultural,,,,0,0,mx,1996
815,"Hospicio Cabañas, Guadalajara",Cultural,,,,0,0,mx,1997
862,Historic Monuments Zone of Tlacotalpan,Cultural,,,,0,0,mx,1998
895,Historic Fortified Town of Campeche,Cultural,,,,0,0,mx,1999
939,Archaeological Monuments Zone of Xochicalco,Cultural,,,,0,0,mx,1999
1079,Franciscan Missions in the Sierra Gorda of Querétaro,Cultural,,,,0,0,mx,2003
1136,Luis Barragán House and Studio,Cultural,,,,0,0,mx,2004
1209,Agave Landscape and Ancient Industrial Facilities of Tequila,Cultural,,,,0,0,mx,2006
1250,Central University City Campus of the <i>Universidad Nacional Autónoma de México</i> (UNAM),Cultural,,,,0,0,mx,2007
1274,Protective town of San Miguel and the Sanctuary of Jesús Nazareno de Atotonilco,Cultural,,,,0,0,mx,2008
1290,Monarch Butterfly Biosphere Reserve,Natural,,,,0,0,mx,2008
1351,Camino Real de Tierra Adentro,Cultural,,,,0,0,mx,2010
1352,Prehistoric Caves of Yagul and Mitla in the Central Valley of Oaxaca,Cultural,,,,0,0,mx,2010
1410,El Pinacate and Gran Desierto de Altar Biosphere Reserve,Natural,,,,0,0,mx,2013
1182,Islands and Protected Areas of the Gulf of California,Natural,,,,0,0,mx,2005
1061,"Ancient Maya City and Protected Tropical Forests of Calakmul, Campeche",Mixed,,,,0,0,mx,2002
1463,Aqueduct of Padre Tembleque Hydraulic System,Cultural,,,,0,0,mx,2015
1510,Archipiélago de Revillagigedo,Natural,,,,0,0,mx,2016
1534,Tehuacán-Cuicatlán Valley: originary habitat of Mesoamerica,Mixed,,,,0,0,mx,2018
702,Earliest 16th-Century Monasteries on the Slopes of Popocatepetl,Cultural,,,,0,0,mx,1994
1704,Wixárika Route through Sacred Sites to Wirikuta (Tatehuarí Huajuyé),Cultural,,,,0,0,mx,2025
1503,Nan Madol: Ceremonial Centre of Eastern Micronesia,Cultural,,,,0,0,fm,2016
1081,Orkhon Valley Cultural Landscape,Cultural,,,,0,0,mn,2004
1382,Petroglyphic Complexes of the Mongolian Altai,Cultural,,,,0,0,mn,2011
1440,Great Burkhan Khaldun Mountain and its surrounding sacred landscape,Cultural,,,,0,0,mn,2015
1621,Deer Stone Monuments and Related Bronze Age Sites,Cultural,,,,0,0,mn,2023
1759,The Cemetery Complexes of the Xiongnu Nobility,Cultural,,,,0,0,mn,2026
100,Durmitor National Park,Natural,,,,0,0,me,1980
125,Natural and Culturo-Historical Region of Kotor,Cultural,,,,1,0,me,1979
170,Medina of Fez,Cultural,,,,0,0,ma,1981
331,Medina of Marrakesh,Cultural,,,,0,0,ma,1985
444,Ksar of Ait-Ben-Haddou,Cultural,,,,0,0,ma,1987
753,Medina of Essaouira (formerly Mogador),Cultural,,,,0,0,ma,2001
793,Historic City of Meknes,Cultural,,,,0,0,ma,1996
837,Medina of Tétouan (formerly known as Titawin),Cultural,,,,0,0,ma,1997
1058,Portuguese City of Mazagan (El Jadida),Cultural,,,,0,0,ma,2004
836,Archaeological Site of Volubilis,Cultural,,,,0,0,ma,1997
1401,"Rabat, Modern Capital and Historic City: a Shared Heritage",Cultural,,,,0,0,ma,2012
599,Island of Mozambique,Cultural,,,,0,0,mz,1991
1444,Pyu Ancient Cities,Cultural,,,,0,0,mm,2014
1588,Bagan,Cultural,,,,0,0,mm,2019
1255,Twyfelfontein or /Ui-//aes,Cultural,,,,0,0,na,2007
1430,Namib Sand Sea,Natural,,,,0,0,na,2013
120,Sagarmatha National Park,Natural,,,,0,0,np,1979
284,Chitwan National Park,Natural,,,,0,0,np,1984
666,"Lumbini, the Birthplace of the Lord Buddha",Cultural,,,,0,0,np,1997
121,Kathmandu Valley,Cultural,,,,1,0,np,1979
739,Schokland and Surroundings,Cultural,,,,0,0,nl,1995
818,Mill Network at Kinderdijk-Elshout,Cultural,,,,0,0,nl,1997
819,"Historic Area of Willemstad, Inner City and Harbour, Curaçao",Cultural,,,,0,0,nl,1997
867,Ir.D.F. Woudagemaal (D.F. Wouda Steam Pumping Station),Cultural,,,,0,0,nl,1998
899,Droogmakerij de Beemster (Beemster Polder),Cultural,,,,0,0,nl,1999
965,Rietveld Schröderhuis (Rietveld Schröder House),Cultural,,,,0,0,nl,2000
1349,Seventeenth-Century Canal Ring Area of Amsterdam inside the Singelgracht,Cultural,,,,0,0,nl,2010
1441,Van Nellefabriek,Cultural,,,,0,0,nl,2014
759,Dutch Water Defence Lines,Cultural,,,,0,0,nl,1996
1683,Eisinga Planetarium in Franeker,Cultural,,,,0,0,nl,2023
421,Tongariro National Park,Mixed,,,,0,0,nz,1990
551,Te Wahipounamu – South West New Zealand,Natural,,,,0,0,nz,1990
877,New Zealand Sub-Antarctic Islands,Natural,,,,0,0,nz,1998
613,Ruins of León Viejo,Cultural,,,,0,0,ni,2000
1236,León Cathedral,Cultural,,,,0,0,ni,2011
573,Air and Ténéré Natural Reserves,Natural,,,,1,0,ne,1991
1268,Historic Centre of Agadez,Cultural,,,,0,0,ne,2013
938,Sukur Cultural Landscape,Cultural,,,,0,0,ng,1999
1118,Osun-Osogbo Sacred Grove,Cultural,,,,0,0,ng,2005
58,Urnes Stave Church,Cultural,,,,0,0,no,1979
59,Bryggen,Cultural,,,,0,0,no,1979
352,Rock Art of Alta,Cultural,,,,0,0,no,1985
1195,West Norwegian Fjords – Geirangerfjord and Nærøyfjord,Natural,,,,0,0,no,2005
55,Røros Mining Town and the Circumference,Cultural,,,,0,0,no,1980
1486,Rjukan-Notodden Industrial Heritage Site,Cultural,,,,0,0,no,2015
1143,Vegaøyan – The Vega Archipelago,Cultural,,,,0,0,no,2004
433,Bahla Fort,Cultural,,,,1,0,om,1987
434,"Archaeological Sites of Bat, Al-Khutm and Al-Ayn",Cultural,,,,0,0,om,1988
1010,Land of Frankincense,Cultural,,,,0,0,om,2000
1207,<i>Aflaj</i> Irrigation Systems of Oman,Cultural,,,,0,0,om,2006
1537,Ancient City of Qalhat,Cultural,,,,0,0,om,2018
138,Archaeological Ruins at Moenjodaro,Cultural,,,,0,0,pk,1980
139,Taxila,Cultural,,,,0,0,pk,1980
140,Buddhist Ruins of Takht-i-Bahi and Neighbouring City Remains at Sahr-i-Bahlol,Cultural,,,,0,0,pk,1980
143,"Historical Monuments at Makli, Thatta",Cultural,,,,0,0,pk,1981
171,Fort and Shalamar Gardens in Lahore,Cultural,,,,1,0,pk,1981
586,Rohtas Fort,Cultural,,,,0,0,pk,1997
1386,Rock Islands Southern Lagoon,Mixed,,,,0,0,pw,2012
135,Fortifications on the Caribbean Side of Panama: Portobelo-San Lorenzo,Cultural,,,,1,0,pa,1980
159,Darien National Park,Natural,,,,0,0,pa,1981
1138,Coiba National Park and its Special Zone of Marine Protection,Natural,,,,0,0,pa,2005
1582,The Colonial Transisthmian Route of Panamá,Cultural,,,,0,0,pa,2025
887,Kuk Early Agricultural Site,Cultural,,,,0,0,pg,2008
648,Jesuit Missions of La Santísima Trinidad de Paraná and Jesús de Tavarangue,Cultural,,,,0,0,py,1993
273,City of Cuzco,Cultural,,,,0,0,pe,1983
274,Historic Sanctuary of Machu Picchu,Mixed,,,,0,0,pe,1983
330,Chavin (Archaeological Site),Cultural,,,,0,0,pe,1985
333,Huascarán National Park,Natural,,,,0,0,pe,1985
366,Chan Chan Archaeological Zone,Cultural,,,,1,0,pe,1986
548,Río Abiseo National Park,Mixed,,,,0,0,pe,1990
700,Lines and Geoglyphs of Nasca and Palpa,Cultural,,,,0,0,pe,1994
1016,Historical Centre of the City of Arequipa,Cultural,,,,0,0,pe,2000
1269,Sacred City of Caral-Supe,Cultural,,,,0,0,pe,2009
402,Manú National Park,Natural,,,,0,0,pe,1987
1624,Chankillo Archaeoastronomical Complex,Cultural,,,,0,0,pe,2021
500,Historic Centre of Lima,Cultural,,,,0,0,pe,1988
502,Historic City of Vigan,Cultural,,,,0,0,ph,1999
652,Puerto-Princesa Subterranean River National Park,Natural,,,,0,0,ph,1999
722,Rice Terraces of the Philippine Cordilleras,Cultural,,,,1,0,ph,1995
653,Tubbataha Reefs Natural Park,Natural,,,,0,0,ph,1993
677,Baroque Churches of the Philippines,Cultural,,,,0,0,ph,1993
1403,Mount Hamiguitan Range Wildlife Sanctuary,Natural,,,,0,0,ph,2014
31,Auschwitz Birkenau <br /><small>German Nazi Concentration and Extermination Camp (1940-1945)</small>,Cultural,,,,0,0,pl,1979
564,Old City of Zamość,Cultural,,,,0,0,pl,1992
835,Medieval Town of Toruń,Cultural,,,,0,0,pl,1997
847,Castle of the Teutonic Order in Malbork,Cultural,,,,0,0,pl,1997
905,Kalwaria Zebrzydowska: the Mannerist Architectural and Park Landscape Complex and Pilgrimage Park,Cultural,,,,0,0,pl,1999
1054,Churches of Peace in Jawor and Świdnica,Cultural,,,,0,0,pl,2001
1165,Centennial Hall in Wrocław,Cultural,,,,0,0,pl,2006
1053,Wooden Churches of Southern Małopolska,Cultural,,,,0,0,pl,2003
29,Historic Centre of Kraków,Cultural,,,,0,0,pl,1978
32,Wieliczka and Bochnia Royal Salt Mines,Cultural,,,,0,0,pl,1978
30,Historic Centre of Warsaw,Cultural,,,,0,0,pl,1980
1539,Tarnowskie Góry Lead-Silver-Zinc Mine and its Underground Water Management System,Cultural,,,,0,0,pl,2017
1599,Krzemionki Prehistoric Striped Flint Mining Region,Cultural,,,,0,0,pl,2019
1715,Gdynia Modernist City Centre,Cultural,,,,0,0,pl,2026
206,Central Zone of the Town of Angra do Heroismo in the Azores,Cultural,,,,0,0,pt,1983
264,Monastery of Batalha,Cultural,,,,0,0,pt,1983
265,Convent of Christ in Tomar,Cultural,,,,0,0,pt,1983
361,Historic Centre of Évora,Cultural,,,,0,0,pt,1986
505,Monastery of Alcobaça,Cultural,,,,0,0,pt,1989
723,Cultural Landscape of Sintra,Cultural,,,,0,0,pt,1995
755,"Historic Centre of Oporto, Luiz I Bridge and Monastery of Serra do Pilar",Cultural,,,,0,0,pt,1996
934,Laurisilva of Madeira,Natural,,,,0,0,pt,1999
1046,Alto Douro Wine Region,Cultural,,,,0,0,pt,2001
1117,Landscape of the Pico Island Vineyard Culture,Cultural,,,,0,0,pt,2004
263,Monastery of the Hieronymites and Tower of Belém in Lisbon,Cultural,,,,0,0,pt,1983
1367,Garrison Border Town of Elvas and its Fortifications,Cultural,,,,0,0,pt,2012
1573,"Royal Building of <i>Mafra</i> – Palace, Basilica, Convent, <i>Cerco</i> Garden and Hunting Park (<i>Tapada</i>)",Cultural,,,,0,0,pt,2019
1590,Sanctuary of Bom Jesus do Monte in Braga,Cultural,,,,0,0,pt,2019
1387,University of Coimbra – Alta and Sofia,Cultural,,,,0,0,pt,2013
1031,Historic Centre of Guimarães and Couros Zone,Cultural,,,,0,0,pt,2001
1402,Al Zubarah Archaeological Site,Cultural,,,,0,0,qa,2013
736,Seokguram Grotto and Bulguksa Temple,Cultural,,,,0,0,kr,1995
737,"Haeinsa Temple Janggyeong Panjeon, the Depositories for the <I>Tripitaka Koreana</I> Woodblocks",Cultural,,,,0,0,kr,1995
738,Jongmyo Shrine,Cultural,,,,0,0,kr,1995
816,Changdeokgung Palace Complex,Cultural,,,,0,0,kr,1997
817,Hwaseong Fortress,Cultural,,,,0,0,kr,1997
976,Gyeongju Historic Areas,Cultural,,,,0,0,kr,2000
977,"Gochang, Hwasun and Ganghwa Dolmen Sites",Cultural,,,,0,0,kr,2000
1324,Historic Villages of Korea: Hahoe and Yangdong,Cultural,,,,0,0,kr,2010
1319,Royal Tombs of the Joseon Dynasty,Cultural,,,,0,0,kr,2009
1439,Namhansanseong,Cultural,,,,0,0,kr,2014
1477,Baekje Historic Areas,Cultural,,,,0,0,kr,2015
1562,"Sansa, Buddhist Mountain Monasteries in Korea",Cultural,,,,0,0,kr,2018
1498,"Seowon, Korean Neo-Confucian Academies",Cultural,,,,0,0,kr,2019
1264,Jeju Volcanic Island and Lava Tubes,Natural,,,,0,0,kr,2007
1666,Gaya Tumuli,Cultural,,,,0,0,kr,2023
1740,Petroglyphs along the Bangucheon Stream,Cultural,,,,0,0,kr,2025
1591,"Getbol, Korean Tidal Flats (Phase II)",Natural,,,,0,0,kr,2021
588,Danube Delta,Natural,,,,0,0,ro,1991
596,Villages with Fortified Churches in Transylvania,Cultural,,,,0,0,ro,1993
597,Monastery of Horezu,Cultural,,,,0,0,ro,1993
902,Historic Centre of Sighişoara,Cultural,,,,0,0,ro,1999
904,Wooden Churches of Maramureş,Cultural,,,,0,0,ro,1999
906,Dacian Fortresses of the Orastie Mountains,Cultural,,,,0,0,ro,1999
598,Churches of Moldavia,Cultural,,,,0,0,ro,1993
1552,Roșia Montană Mining Landscape,Cultural,,,,0,0,ro,2021
1718,Frontiers of the Roman Empire – Dacia,Cultural,,,,0,0,ro,2024
1473,Brâncuși Monumental Ensemble of Târgu Jiu,Cultural,,,,0,0,ro,2024
544,Kizhi Pogost,Cultural,,,,0,0,ru,1990
545,"Kremlin and Red Square, Moscow",Cultural,,,,0,0,ru,1990
604,Historic Monuments of Novgorod and Surroundings,Cultural,,,,0,0,ru,1992
632,Cultural and Historic Ensemble of the Solovetsky Islands,Cultural,,,,0,0,ru,1992
633,White Monuments of Vladimir and Suzdal,Cultural,,,,0,0,ru,1992
634,"Church of the Ascension, Kolomenskoye",Cultural,,,,0,0,ru,1994
657,Architectural Ensemble of the Trinity Sergius Lavra in Sergiev Posad,Cultural,,,,0,0,ru,1993
719,Virgin Komi Forests,Natural,,,,0,0,ru,1995
754,Lake Baikal,Natural,,,,0,0,ru,1996
765,Volcanoes of Kamchatka,Natural,,,,0,0,ru,1996
768,Golden Mountains of Altai,Natural,,,,0,0,ru,1998
900,Western Caucasus,Natural,,,,0,0,ru,1999
980,Historic and Architectural Complex of the Kazan Kremlin,Cultural,,,,0,0,ru,2000
982,Ensemble of the Ferapontov Monastery,Cultural,,,,0,0,ru,2000
1023,Natural System of Wrangel Island Reserve,Natural,,,,0,0,ru,2004
1070,"Citadel, Ancient City and Fortress Buildings of Derbent",Cultural,,,,0,0,ru,2003
1097,Ensemble of the Novodevichy Convent,Cultural,,,,0,0,ru,2004
1170,Historical Centre of the City of Yaroslavl,Cultural,,,,0,0,ru,2005
1234,Putorana Plateau,Natural,,,,0,0,ru,2010
540,Historic Centre of Saint Petersburg and Related Groups of Monuments,Cultural,,,,0,0,ru,1990
981,Bolgar Historical and Archaeological Complex,Cultural,,,,0,0,ru,2014
1299,Lena Pillars Nature Park,Natural,,,,0,0,ru,2012
1525,Assumption Cathedral and Monastery of the town-island of Sviyazhsk,Cultural,,,,0,0,ru,2017
766,Central Sikhote-Alin,Natural,,,,0,0,ru,2001
1523,Churches of the Pskov School of Architecture,Cultural,,,,0,0,ru,2019
1654,Petroglyphs of Lake Onega and the White Sea,Cultural,,,,0,0,ru,2021
1678,Astronomical Observatories of Kazan Federal University,Cultural,,,,0,0,ru,2023
1688,Cultural Landscape of Kenozero Lake,Cultural,,,,0,0,ru,2024
1743,Rock Paintings of Shulgan-Tash Cave,Cultural,,,,0,0,ru,2025
1697,Nyungwe National Park,Natural,,,,0,0,rw,2023
1586,"Memorial sites of the Genocide: Nyamata, Murambi, Gisozi and Bisesero",Cultural,,,,0,0,rw,2023
910,Brimstone Hill Fortress National Park,Cultural,,,,0,0,kn,1999
1161,Pitons Management Area,Natural,,,,0,0,lc,2004
1245,San Marino Historic Centre and Mount Titano,Cultural,,,,0,0,sm,2008
1750,The Roças of Sao Tome and Principe: Colonial Agricultural System and Forced Migration,Cultural,,,,0,0,st,2026
1293,Hegra Archaeological Site (al-Hijr / Madā ͐ in Ṣāliḥ),Cultural,,,,0,0,sa,2008
1329,At-Turaif District in ad-Dir'iyah,Cultural,,,,0,0,sa,2010
1361,"Historic Jeddah, the Gate to Makkah",Cultural,,,,0,0,sa,2014
1472,Rock Art in the Hail Region of Saudi Arabia,Cultural,,,,0,0,sa,2015
1563,"Al-Ahsa Oasis, an Evolving Cultural Landscape",Cultural,,,,0,0,sa,2018
1699,‘Uruq Bani Ma’arid,Natural,,,,0,0,sa,2023
1712,The Cultural Landscape of Al-Faw Archaeological Area,Cultural,,,,0,0,sa,2024
1619,Ḥimā Cultural Area,Cultural,,,,0,0,sa,2021
25,Djoudj National Bird Sanctuary,Natural,,,,1,0,sn,1981
26,Island of Gorée,Cultural,,,,0,0,sn,1978
153,Niokolo-Koba National Park,Natural,,,,1,0,sn,1981
956,Island of Saint-Louis,Cultural,,,,0,0,sn,2000
1359,Saloum Delta,Cultural,,,,0,0,sn,2011
1407,"Bassari Country: Bassari, Fula and Bedik Cultural Landscapes",Cultural,,,,0,0,sn,2012
96,Stari Ras and Sopoćani,Cultural,,,,0,0,rs,1979
389,Studenica Monastery,Cultural,,,,0,0,rs,1986
724,Medieval Monuments in Kosovo,Cultural,,,,1,0,rs,2004
1253,"Gamzigrad-Romuliana, Palace of Galerius",Cultural,,,,0,0,rs,2007
185,Aldabra Atoll,Natural,,,,0,0,sc,1982
261,Vallée de Mai Nature Reserve,Natural,,,,0,0,sc,1983
1746,Gola-Tiwai Complex,Natural,,,,0,0,sl,2025
1483,Singapore Botanic Gardens,Cultural,,,,0,0,sg,2015
618,Historic Town of Banská Štiavnica and the Technical Monuments in its Vicinity,Cultural,,,,0,0,sk,1993
622,Vlkolínec,Cultural,,,,0,0,sk,1993
973,Bardejov Town Conservation Reserve,Cultural,,,,0,0,sk,2000
1273,Wooden Churches of the Slovak part of the Carpathian Mountain Area,Cultural,,,,0,0,sk,2008
620,"Levoča, Spišský Hrad and the Associated Cultural Monuments",Cultural,,,,0,0,sk,1993
390,Škocjan Caves,Natural,,,,0,0,si,1986
1643,The works of Jože Plečnik in Ljubljana – Human Centred Urban Design,Cultural,,,,0,0,si,2021
854,East Rennell,Natural,,,,1,0,sb,1998
915,Fossil Hominid Sites of South Africa,Cultural,,,,0,0,za,1999
916,Robben Island,Cultural,,,,0,0,za,1999
1162,Vredefort Dome,Natural,,,,0,0,za,2005
1265,Richtersveld Cultural and Botanical Landscape,Cultural,,,,0,0,za,2007
1099,Mapungubwe Cultural Landscape,Cultural,,,,0,0,za,2003
1545,ǂKhomani Cultural Landscape,Cultural,,,,0,0,za,2017
1575,Barberton Makhonjwa Mountains,Natural,,,,0,0,za,2018
1676,"Human Rights, Liberation and Reconciliation: Nelson Mandela Legacy Sites",Cultural,,,,0,0,za,2024
1723,The Emergence of Modern Human Behaviour: The Pleistocene Occupation Sites of South Africa,Cultural,,,,0,0,za,2024
1007,Cape Floral Region Protected Areas,Natural,,,,0,0,za,2004
1808,Boma–Badingilo Migratory Landscape,Natural,,,,0,0,ss,2026
312,Monuments of Oviedo and the Kingdom of the Asturias,Cultural,,,,0,0,es,1985
313,Historic Centre of Cordoba,Cultural,,,,0,0,es,1984
314,"Alhambra, Generalife and Albayzín, Granada",Cultural,,,,0,0,es,1984
318,"Monastery and Site of the Escurial, Madrid",Cultural,,,,0,0,es,1984
320,Works of Antoni Gaudí,Cultural,,,,0,0,es,1984
347,Santiago de Compostela (Old Town),Cultural,,,,0,0,es,1985
379,Historic City of Toledo,Cultural,,,,0,0,es,1986
380,Garajonay National Park,Natural,,,,0,0,es,1986
381,Old City of Salamanca,Cultural,,,,0,0,es,1988
417,"Ibiza, Biodiversity and Culture",Mixed,,,,0,0,es,1999
518,Poblet Monastery,Cultural,,,,0,0,es,1991
522,Renaissance Monumental Ensembles of Úbeda and Baeza,Cultural,,,,0,0,es,2003
664,Archaeological Ensemble of Mérida,Cultural,,,,0,0,es,1993
665,Royal Monastery of Santa María de Guadalupe,Cultural,,,,0,0,es,1993
685,Doñana National Park,Natural,,,,0,0,es,1994
781,Historic Walled Town of Cuenca,Cultural,,,,0,0,es,1996
782,La Lonja de la Seda de Valencia,Cultural,,,,0,0,es,1996
803,Las Médulas,Cultural,,,,0,0,es,1997
805,San Millán Yuso and Suso Monasteries,Cultural,,,,0,0,es,1997
874,Rock Art of the Mediterranean Basin on the Iberian Peninsula,Cultural,,,,0,0,es,1998
875,Archaeological Ensemble of Tarraco,Cultural,,,,0,0,es,2000
876,University and Historic Precinct of Alcalá de Henares,Cultural,,,,0,0,es,1998
929,San Cristóbal de La Laguna,Cultural,,,,0,0,es,1999
930,Palmeral of Elche,Cultural,,,,0,0,es,2000
987,Roman Walls of Lugo,Cultural,,,,0,0,es,2000
988,Catalan Romanesque Churches of the Vall de Boí,Cultural,,,,0,0,es,2000
989,Archaeological Site of Atapuerca,Cultural,,,,0,0,es,2000
1044,Aranjuez Cultural Landscape,Cultural,,,,0,0,es,2001
1217,Vizcaya Bridge,Cultural,,,,0,0,es,2006
1258,Teide National Park,Natural,,,,0,0,es,2007
310,Cave of Altamira and Paleolithic Cave Art of Northern Spain,Cultural,,,,0,0,es,1985
348,Old Town of Ávila with its Extra-Muros Churches,Cultural,,,,0,0,es,1985
1312,Tower of Hercules,Cultural,,,,0,0,es,2009
804,"Palau de la Música Catalana and Hospital de Sant Pau, Barcelona",Cultural,,,,0,0,es,1997
383,"Cathedral, Alcázar and Archivo de Indias in Seville",Cultural,,,,0,0,es,1987
1371,Cultural Landscape of the Serra de Tramuntana,Cultural,,,,0,0,es,2011
669,Routes of Santiago de Compostela: <i>Camino Francés</i> and Routes of Northern Spain,Cultural,,,,0,0,es,1993
316,Burgos Cathedral,Cultural,,,,0,0,es,1984
1501,Antequera Dolmens Site,Cultural,,,,0,0,es,2016
311,Old Town of Segovia and its Aqueduct,Cultural,,,,0,0,es,1985
378,Mudejar Architecture of Aragon,Cultural,,,,0,0,es,1986
384,Old Town of Cáceres,Cultural,,,,0,0,es,1986
1560,Caliphate City of Medina Azahara,Cultural,,,,0,0,es,2018
1578,Risco Caido and the Sacred Mountains of Gran Canaria Cultural Landscape,Cultural,,,,0,0,es,2019
1528,Talayotic Menorca,Cultural,,,,0,0,es,2023
1618,"Paseo del Prado and Buen Retiro, a landscape of Arts and Sciences",Cultural,,,,0,0,es,2021
200,Sacred City of Anuradhapura,Cultural,,,,0,0,lk,1982
201,Ancient City of Polonnaruwa,Cultural,,,,0,0,lk,1982
202,Ancient City of Sigiriya,Cultural,,,,0,0,lk,1982
405,Sinharaja Forest Reserve,Natural,,,,0,0,lk,1988
450,Sacred City of Kandy,Cultural,,,,0,0,lk,1988
451,Old Town of Galle and its Fortifications,Cultural,,,,0,0,lk,1988
561,Rangiri Dambulla Cave Temple,Cultural,,,,0,0,lk,1991
1203,Central Highlands of Sri Lanka,Natural,,,,0,0,lk,2010
1433,"Birthplace of Jesus: Church of the Nativity and the Pilgrimage Route, Bethlehem",Cultural,,,,0,0,ps,2012
1492,"Palestine: Land of Olives and Vines – Cultural Landscape of Southern Jerusalem, Battir",Cultural,,,,1,0,ps,2014
1565,Hebron/Al-Khalil Old Town,Cultural,,,,0,0,ps,2017
1687,Ancient Jericho/Tell es-Sultan,Cultural,,,,0,0,ps,2023
1749,Saint Hilarion Monastery/ Tell Umm Amer,Cultural,,,,0,0,ps,2024
1809,Sebastia,Cultural,,,,0,0,ps,2026
1073,Gebel Barkal and the Sites of the Napatan Region,Cultural,,,,0,0,sd,2003
1336,Archaeological Sites of the Island of Meroe,Cultural,,,,0,0,sd,2011
262,Sanganeb Marine National Park and Dungonab Bay – Mukkawar Island Marine National Park,Natural,,,,0,0,sd,2016
940,Historic Inner City of Paramaribo,Cultural,,,,0,0,sr,2002
1017,Central Suriname Nature Reserve,Natural,,,,0,0,sr,2000
1680,Jodensavanne Archaeological Site: Jodensavanne Settlement and Cassipora Creek Cemetery,Cultural,,,,0,0,sr,2023
555,Birka and Hovgården,Cultural,,,,0,0,se,1993
556,Engelsberg Ironworks,Cultural,,,,0,0,se,1993
557,Rock Carvings in Tanum,Cultural,,,,0,0,se,1994
558,Skogskyrkogården,Cultural,,,,0,0,se,1994
731,Hanseatic Town of Visby,Cultural,,,,0,0,se,1995
762,"Church Town of Gammelstad, Luleå",Cultural,,,,0,0,se,1996
774,Laponian Area,Mixed,,,,0,0,se,1996
871,Naval Port of Karlskrona,Cultural,,,,0,0,se,1998
968,Agricultural Landscape of Southern Öland,Cultural,,,,0,0,se,2000
1027,Mining Area of the Great Copper Mountain in Falun,Cultural,,,,0,0,se,2001
1134,"Grimeton Radio Station, Varberg",Cultural,,,,0,0,se,2004
1282,Decorated Farmhouses of Hälsingland,Cultural,,,,0,0,se,2012
559,Royal Domain of Drottningholm,Cultural,,,,0,0,se,1991
267,Old City of Berne,Cultural,,,,0,0,ch,1983
268,Abbey of St Gall,Cultural,,,,0,0,ch,1983
269,Benedictine Convent of St John at Müstair,Cultural,,,,0,0,ch,1983
1037,Swiss Alps Jungfrau-Aletsch,Natural,,,,0,0,ch,2001
1243,"Lavaux, Vineyard Terraces",Cultural,,,,0,0,ch,2007
1179,Swiss Tectonic Arena Sardona,Natural,,,,0,0,ch,2008
1302,"La Chaux-de-Fonds / Le Locle, Watchmaking Town Planning",Cultural,,,,0,0,ch,2009
884,"Three Castles, Defensive Wall and Ramparts of the Market-Town of Bellinzona",Cultural,,,,0,0,ch,2000
21,Ancient City of Aleppo,Cultural,,,,0,0,sy,1986
1229,Crac des Chevaliers and Qal’at Salah El-Din,Cultural,,,,0,0,sy,2006
1348,Ancient Villages of Northern Syria,Cultural,,,,1,0,sy,2011
20,Ancient City of Damascus,Cultural,,,,0,0,sy,1979
22,Ancient City of Bosra,Cultural,,,,0,0,sy,1980
23,Site of Palmyra,Cultural,,,,0,0,sy,1980
1141,Proto-urban Site of Sarazm,Cultural,,,,0,0,tj,2010
1252,Tajik National Park (Mountains of the Pamirs),Natural,,,,0,0,tj,2013
1685,Tugay forests of the Tigrovaya Balka Nature Reserve,Natural,,,,0,0,tj,2023
1627,Cultural Heritage Sites of Ancient Khuttal,Cultural,,,,0,0,tj,2025
574,Historic Town of Sukhothai and Associated Historic Towns,Cultural,,,,0,0,th,1991
575,Ban Chiang Archaeological Site,Cultural,,,,0,0,th,1992
576,Historic City of Ayutthaya,Cultural,,,,0,0,th,1991
590,Dong Phayayen-Khao Yai Forest Complex,Natural,,,,0,0,th,2005
591,Thungyai-Huai Kha Khaeng Wildlife Sanctuaries,Natural,,,,0,0,th,1991
1461,Kaeng Krachan Forest Complex,Natural,,,,0,0,th,2021
1662,The Ancient Town of Si Thep and its Associated Dvaravati Monuments,Cultural,,,,0,0,th,2023
1507,"Phu Phrabat, a testimony to the Sīma stone tradition of the Dvaravati period",Cultural,,,,0,0,th,2024
1761,"Wat Phra Mahathat Woramahawihan, Nakhon Si Thammarat",Cultural,,,,0,0,th,2026
8,Ichkeul National Park,Natural,,,,1,0,tn,1980
37,Archaeological Site of Carthage,Cultural,,,,0,0,tn,1979
332,Punic Town of Kerkuane and its Necropolis,Cultural,,,,0,0,tn,1985
794,Dougga / Thugga,Cultural,,,,0,0,tn,1997
38,Amphitheatre of El Jem,Cultural,,,,0,0,tn,1979
499,Kairouan,Cultural,,,,0,0,tn,1988
498,Medina of Sousse,Cultural,,,,0,0,tn,1988
36,Medina of Tunis,Cultural,,,,0,0,tn,1979
1640,Djerba: Testimony to a settlement pattern in an island territory,Cultural,,,,0,0,tn,2023
1769,Village of Sidi Bou Saïd,Cultural,,,,0,0,tn,2026
357,Göreme National Park and the Rock Sites of Cappadocia,Mixed,,,,0,0,tr,1985
358,Great Mosque and Hospital of Divriği,Cultural,,,,0,0,tr,1985
377,Hattusha: the Hittite Capital,Cultural,,,,0,0,tr,1986
448,Nemrut Dağ,Cultural,,,,0,0,tr,1987
484,Xanthos-Letoon,Cultural,,,,0,0,tr,1988
485,Hierapolis-Pamukkale,Mixed,,,,0,0,tr,1988
614,City of Safranbolu,Cultural,,,,0,0,tr,1994
849,Archaeological Site of Troy,Cultural,,,,0,0,tr,1998
1366,Selimiye Mosque and its Social Complex,Cultural,,,,0,0,tr,2011
1405,Neolithic Site of Çatalhöyük,Cultural,,,,0,0,tr,2012
1452,Bursa and Cumalıkızık: the Birth of the Ottoman Empire,Cultural,,,,0,0,tr,2014
1457,Pergamon and its Multi-Layered Cultural Landscape,Cultural,,,,0,0,tr,2014
1018,Ephesus,Cultural,,,,0,0,tr,2015
1488,Diyarbakır Fortress and Hevsel Gardens Cultural Landscape,Cultural,,,,0,0,tr,2015
1518,Archaeological Site of Ani,Cultural,,,,0,0,tr,2016
1519,Aphrodisias,Cultural,,,,0,0,tr,2017
1572,Göbekli Tepe,Cultural,,,,0,0,tr,2018
356,Historic Areas of Istanbul,Cultural,,,,0,0,tr,1985
1622,Arslantepe Mound,Cultural,,,,0,0,tr,2021
1669,Gordion,Cultural,,,,0,0,tr,2023
1694,Wooden Hypostyle Mosques of Medieval Anatolia,Cultural,,,,0,0,tr,2023
1731,Sardis and the Lydian Tumuli of Bin Tepe,Cultural,,,,0,0,tr,2025
886,State Historical and Cultural Park “Ancient Merv”,Cultural,,,,0,0,tm,1999
1199,Kunya-Urgench,Cultural,,,,0,0,tm,2005
1242,Parthian Fortresses of Nisa,Cultural,,,,0,0,tm,2007
682,Bwindi Impenetrable National Park,Natural,,,,0,0,ug,1994
684,Rwenzori Mountains National Park,Natural,,,,1,0,ug,1994
1022,Tombs of Buganda Kings at Kasubi,Cultural,,,,1,0,ug,2001
865,L'viv – the Ensemble of the Historic Centre,Cultural,,,,0,0,ua,1998
1330,Residence of Bukovinian and Dalmatian Metropolitans,Cultural,,,,0,0,ua,2011
1411,Ancient City of Tauric Chersonese and its Chora,Cultural,,,,0,0,ua,2013
527,"Kyiv: Saint-Sophia Cathedral and Related Monastic Buildings, Kyiv-Pechersk Lavra",Cultural,,,,0,0,ua,1990
1703,The Historic Centre of Odesa,Cultural,,,,0,0,ua,2023
1343,"Cultural Sites of Al Ain (Hafit, Hili, Bidaa Bint Saud and Oases Areas)",Cultural,,,,0,0,ae,2011
1724,Wadi Wurayah,Natural,,,,0,0,ae,2026
1735,Faya Palaeolandscape,Cultural,,,,0,0,ae,2025
371,Ironbridge Gorge,Cultural,,,,0,0,gb,1986
374,Castles and Town Walls of King Edward in Gwynedd,Cultural,,,,0,0,gb,1986
425,Blenheim Palace,Cultural,,,,0,0,gb,1987
428,City of Bath,Cultural,,,,0,0,gb,1987
429,New Lanark,Cultural,,,,0,0,gb,2001
487,Henderson Island,Natural,,,,0,0,gb,1988
488,Tower of London,Cultural,,,,0,0,gb,1988
496,"Canterbury Cathedral, St Augustine's Abbey, and St Martin's Church",Cultural,,,,0,0,gb,1988
728,Old and New Towns of Edinburgh,Cultural,,,,0,0,gb,1995
740,Gough and Inaccessible Islands,Natural,,,,0,0,gb,1995
795,Maritime Greenwich,Cultural,,,,0,0,gb,1997
983,"Historic Town of St George and Related Fortifications, Bermuda",Cultural,,,,0,0,gb,2000
984,Blaenavon Industrial Landscape,Cultural,,,,0,0,gb,2000
1028,Saltaire,Cultural,,,,0,0,gb,2001
1029,Dorset and East Devon Coast,Natural,,,,0,0,gb,2001
1030,Derwent Valley Mills,Cultural,,,,0,0,gb,2001
1084,"Royal Botanic Gardens, Kew",Cultural,,,,0,0,gb,2003
1215,Cornwall and West Devon Mining Landscape,Cultural,,,,1,0,gb,2006
1303,Pontcysyllte Aqueduct and Canal,Cultural,,,,0,0,gb,2009
373,"Stonehenge, Avebury and Associated Sites",Cultural,,,,0,0,gb,1986
370,Durham Castle and Cathedral,Cultural,,,,0,0,gb,1986
426,Palace of Westminster and Westminster Abbey including Saint Margaret’s Church,Cultural,,,,0,0,gb,1987
372,Studley Royal Park including the Ruins of Fountains Abbey,Cultural,,,,0,0,gb,1986
1485,The Forth Bridge,Cultural,,,,0,0,gb,2015
1500,Gorham's Cave Complex,Cultural,,,,0,0,gb,2016
514,Heart of Neolithic Orkney,Cultural,,,,0,0,gb,1999
422,The English Lake District,Cultural,,,,0,0,gb,2017
369,Giant's Causeway and Causeway Coast,Natural,,,,0,0,gb,1986
387,St Kilda,Mixed,,,,0,0,gb,1986
1594,Jodrell Bank Observatory,Cultural,,,,0,0,gb,2019
1633,The Slate Landscape of Northwest Wales,Cultural,,,,0,0,gb,2021
1722,The Flow Country,Natural,,,,0,0,gb,2024
144,Ruins of Kilwa Kisiwani and Ruins of Songo Mnara,Cultural,,,,1,0,tz,1981
156,Serengeti National Park,Natural,,,,0,0,tz,1981
173,Stone Town of Zanzibar,Cultural,,,,0,0,tz,2000
403,Kilimanjaro National Park,Natural,,,,0,0,tz,1987
1183,Kondoa Rock-Art Sites,Cultural,,,,0,0,tz,2006
39,Ngorongoro Conservation Area,Mixed,,,,1,0,tz,1979
199,Selous Game Reserve,Natural,,,,0,0,tz,1982
27,Mesa Verde National Park,Cultural,,,,0,0,us,1978
28,Yellowstone National Park,Natural,,,,1,0,us,1978
75,Grand Canyon National Park,Natural,,,,0,0,us,1979
76,Everglades National Park,Natural,,,,1,0,us,1979
78,Independence Hall,Cultural,,,,0,0,us,1979
134,Redwood National and State Parks,Natural,,,,0,0,us,1980
150,Mammoth Cave National Park,Natural,,,,0,0,us,1981
151,Olympic National Park,Natural,,,,0,0,us,1981
259,Great Smoky Mountains National Park,Natural,,,,0,0,us,1983
307,Statue of Liberty,Cultural,,,,0,0,us,1984
308,Yosemite National Park,Natural,,,,0,0,us,1984
353,Chaco Culture,Cultural,,,,0,0,us,1987
409,Hawaii Volcanoes National Park,Natural,,,,0,0,us,1987
492,Taos Pueblo,Cultural,,,,0,0,us,1992
721,Carlsbad Caverns National Park,Natural,,,,0,0,us,1995
1326,Papahānaumokuākea,Mixed,,,,0,0,us,2010
1435,Monumental Earthworks of Poverty Point,Cultural,,,,0,0,us,2014
1466,San Antonio Missions,Cultural,,,,0,0,us,2015
442,Monticello and the University of Virginia in Charlottesville,Cultural,,,,0,0,us,1987
198,Cahokia Mounds State Historic Site,Cultural,,,,0,0,us,1982
266,La Fortaleza and San Juan National Historic Site in Puerto Rico,Cultural,,,,0,0,us,1983
1496,The 20th-Century Architecture of Frank Lloyd Wright,Cultural,,,,0,0,us,2019
1689,Hopewell Ceremonial Earthworks,Cultural,,,,0,0,us,2023
1751,Okefenokee National Wildlife Refuge,Natural,,,,0,0,us,2026
747,Historic Quarter of the City of Colonia del Sacramento,Cultural,,,,0,0,uy,1995
1464,Fray Bentos Industrial Landscape,Cultural,,,,0,0,uy,2015
1612,The work of engineer Eladio Dieste: Church of Atlántida,Cultural,,,,0,0,uy,2021
543,Itchan Kala,Cultural,,,,0,0,uz,1990
603,Samarkand – Crossroad of Cultures,Cultural,,,,0,0,uz,2001
885,Historic Centre of Shakhrisyabz,Cultural,,,,0,0,uz,2000
602,Historic Centre of Bukhara,Cultural,,,,0,0,uz,1993
1766,Tashkent Modernist Architecture. Modernity and Tradition in Central Asia,Cultural,,,,0,0,uz,2026
1280,Chief Roi Mata’s Domain,Cultural,,,,0,0,vu,2008
658,Coro and its Port,Cultural,,,,1,0,ve,1993
701,Canaima National Park,Natural,,,,0,0,ve,1994
986,Ciudad Universitaria de Caracas,Cultural,,,,0,0,ve,2000
678,Complex of Hué Monuments,Cultural,,,,0,0,vn,1993
948,Hoi An Ancient Town,Cultural,,,,0,0,vn,1999
949,My Son Sanctuary,Cultural,,,,0,0,vn,1999
1328,Central Sector of the Imperial Citadel of Thang Long - Hanoi,Cultural,,,,0,0,vn,2010
1358,Citadel of the Ho Dynasty,Cultural,,,,0,0,vn,2011
1438,Trang An Landscape Complex,Mixed,,,,0,0,vn,2014
672,Ha Long Bay - Cat Ba Archipelago,Natural,,,,0,0,vn,1994
1732,"Yen Tu-Vinh Nghiem-Con Son, Kiep Bac Complex of Monuments and Landscapes",Cultural,,,,0,0,vn,2025
192,Old Walled City of Shibam,Cultural,,,,0,0,ye,1982
385,Old City of Sana'a,Cultural,,,,0,0,ye,1986
611,Historic Town of Zabid,Cultural,,,,1,0,ye,1993
1263,Socotra Archipelago,Natural,,,,0,0,ye,2008
1700,"Landmarks of the Ancient Kingdom of Saba, Marib",Cultural,,,,0,0,ye,2023
302,"Mana Pools National Park, Sapi and Chewore Safari Areas",Natural,,,,0,0,zw,1984
306,Matobo Hills,Cultural,,,,0,0,zw,2003
364,Great Zimbabwe National Monument,Cultural,,,,0,0,zw,1986
365,Khami Ruins National Monument,Cultural,,,,0,0,zw,1986
