Site ID,Site Name,Architecture Type,Mentioned Major Stone(s),Country,Architecture Type_Ref,Architecture Type_Ext,Construction Period,Construction Period_Ref,Construction Period_Ext,Civilization,Civilization_Ref,Civilization_Ext,UNESCO Criteria,UNESCO Criteria_Ref,UNESCO Criteria_Ext,Mentioned Major Stone(s)_Ref,Mentioned Major Stone(s)_Ext,Rock Class,Rock Class_Ref,Rock Class_Ext,Secondary Stone,Secondary Stone_Ref,Secondary Stone_Ext,Local Stone Name,Local Stone Name_Ref,Local Stone Name_Ext,Lithology,Lithology_Ref,Lithology_Ext,Geological Age,Geological Age_Ref,Geological Age_Ext,Formation,Formation_Ref,Formation_Ext,Colour,Colour_Ref,Colour_Ext,Texture,Texture_Ref,Texture_Ext,Minerals,Minerals_Ref,Minerals_Ext,Quarry,Quarry_Ref,Quarry_Ext,Quarry Country,Quarry Country_Ref,Quarry Country_Ext,Local vs Imported,Local vs Imported_Ref,Local vs Imported_Ext,Transport Distance,Transport Distance_Ref,Transport Distance_Ext,Structural Use,Structural Use_Ref,Structural Use_Ext,Decorative Use,Decorative Use_Ref,Decorative Use_Ext,Masonry Technique,Masonry Technique_Ref,Masonry Technique_Ext,Weathering,Weathering_Ref,Weathering_Ext,Replacement Stone,Replacement Stone_Ref,Replacement Stone_Ext,Restoration,Restoration_Ref,Restoration_Ext,Condition,Condition_Ref,Condition_Ext,UNESCO Mention,Other references
400.0,"Budapest, including the Banks of the Danube, the Buda Castle Quarter and Andrássy Avenue","Eclectic, Gothic, Neo-Gothic, Renaissance, Neo-Renaissance, Baroque, Art Nouveau",Limestone,Hungary,Internal (DS/OUV),,"Roman era (Aquincum), Medieval (13th century / 1241–1242, King Bela IV), 14th century, 18th century, 19th century (1849, 1862, 1872–1885), 20th century (1893–1896, 1960–1980)",Internal (DS/OUV),,"Roman (Aquincum), Hungarian Monarchy, Austro-Hungarian Empire, Ottoman/Turkish Occupation period",Internal (DS/OUV),,,Internal (DS/OUV),,Internal (DS/OUV),,Sedimentary Rock,,,,,,,,,,,,,,,,,,,,,,,,,,,,,,,,,,,,,,,"Castle/Spur foundations, Bridges, Embankments, Underground Railway, Fortifications (Citadel), Retaining Structures",Internal (DS/OUV),,"Decorative facade elements, Street furniture, Monuments, Architectural embellishments",Internal (DS/OUV),,,,,"Deterioration of limestone structures, Humidity affecting wooden roof structures, Metal structure corrosion, Air pollution, Climate change impacts (extreme water levels of the Danube)",Internal (DS/OUV),,,,,Partial reconstruction and restoration of the Buda Castle Quarter (1960–1980); authentic renovation of three Danube bridges; ongoing maintenance,,,Excellent,,,Yes,
500.0,Historic Centre of Lima,"Hispano-American Baroque, Art Nouveau, Colonial, Republican, Traditional civil & religious architecture","Adobe, Stone, Brick, Quincha (traditional mud & organic lattice)",Peru,Internal (DS/OUV),,16th Century to 20th Century A.D. (Viceroyalty to Modern period),Internal (DS/OUV),,Spanish Colonial / Pre-Hispanic influences,Internal (DS/OUV),,,Internal (DS/OUV),,Internal (DS/OUV),,Sedimentary Rock,,,,,,,,,,,,,,,,,,,,,,,,,,,,,,Peru,Internal (DS/OUV),,Local,Internal (DS/OUV),,,,,"First-floor walls (Adobe & Brick), Bridge construction (Stone over Rímac River), Foundations",Internal (DS/OUV),,"Facades, Hallways, Patios, Closed (""box"") Balconies",Internal (DS/OUV),,"Hybrid Anti-Seismic Masonry: Adobe and brick on the ground floor, Quincha on upper floors",Internal (DS/OUV),,"Environmental pollution, vibrations from transportation, natural material degradation",Internal (DS/OUV),,,,,"Stabilization post-earthquakes (1586, 1687, 1746, 1940, 1966, 1970, 1974); Ongoing municipal plans (EMILIMA)",Internal (DS/OUV),,Moderate,,,Yes,
724.0,Medieval Monuments in Kosovo,skipped; ouv issue,,Serbia,,,,,,,,,"(ii) to exhibit an important interchange of human values, over a span of time or within a cultural area of the world, on developments in architecture or technology, monumental arts, town-planning or landscape design; | (iii) to bear a unique or at least exceptional testimony to a cultural tradition or to a civilization which is living or which has disappeared; | (iv) to be an outstanding example of a type of building, architectural or technological ensemble or landscape which illustrates (a) significant stage(s) in human history;",,,,,,,,,,,,,,,,,,,,,,,,,,,,,,,,,,,,,,,,,,,,,,,,,,,,,,,,,,,,,,,,,,
906.0,Dacian Fortresses of the Orastie Mountains,skipped; OUV issue,,Romania,,,,,,,,,"(ii) to exhibit an important interchange of human values, over a span of time or within a cultural area of the world, on developments in architecture or technology, monumental arts, town-planning or landscape design; | (iii) to bear a unique or at least exceptional testimony to a cultural tradition or to a civilization which is living or which has disappeared; | (iv) to be an outstanding example of a type of building, architectural or technological ensemble or landscape which illustrates (a) significant stage(s) in human history;",,,,,,,,,,,,,,,,,,,,,,,,,,,,,,,,,,,,,,,,,,,,,,,,,,,,,,,,,,,,,,,,,,
1733.0,Minoan Palatial Centres,Skipped; ouv issue,,Greece,,,,,,,,,"(ii) to exhibit an important interchange of human values, over a span of time or within a cultural area of the world, on developments in architecture or technology, monumental arts, town-planning or landscape design; | (iii) to bear a unique or at least exceptional testimony to a cultural tradition or to a civilization which is living or which has disappeared; | (iv) to be an outstanding example of a type of building, architectural or technological ensemble or landscape which illustrates (a) significant stage(s) in human history; | (vi) to be directly or tangibly associated with events or living traditions, with ideas, or with beliefs, with artistic and literary works of outstanding universal significance;",,,,,,,,,,,,,,,,,,,,,,,,,,,,,,,,,,,,,,,,,,,,,,,,,,,,,,,,,,,,,,,,,,
239.0,Group of Monuments at Pattadakal,ouv issue,,India,,,,,,,,,"(iii) to bear a unique or at least exceptional testimony to a cultural tradition or to a civilization which is living or which has disappeared; | (iv) to be an outstanding example of a type of building, architectural or technological ensemble or landscape which illustrates (a) significant stage(s) in human history;",,,,,,,,,,,,,,,,,,,,,,,,,,,,,,,,,,,,,,,,,,,,,,,,,,,,,,,,,,,,,,,,,No,
832.0,Villa Romana del Casale,OUV Issue,,Italy,,,,,,,,,"(i) to represent a masterpiece of human creative genius; | (ii) to exhibit an important interchange of human values, over a span of time or within a cultural area of the world, on developments in architecture or technology, monumental arts, town-planning or landscape design; | (iii) to bear a unique or at least exceptional testimony to a cultural tradition or to a civilization which is living or which has disappeared;",,,,,,,,,,,,,,,,,,,,,,,,,,,,,,,,,,,,,,,,,,,,,,,,,,,,,,,,,,,,,,,,,No,
38.0,Amphitheatre of El Jem,ouv issue,,Tunisia,,,,,,,,,"(iv) to be an outstanding example of a type of building, architectural or technological ensemble or landscape which illustrates (a) significant stage(s) in human history; | (vi) to be directly or tangibly associated with events or living traditions, with ideas, or with beliefs, with artistic and literary works of outstanding universal significance;",,,,,,,,,,,,,,,,,,,,,,,,,,,,,,,,,,,,,,,,,,,,,,,,,,,,,,,,,,,,,,,,,No,
902.0,Historic Centre of Sighişoara,OUV issue,,Romania,,,,,,,,,"(iii) to bear a unique or at least exceptional testimony to a cultural tradition or to a civilization which is living or which has disappeared; | (v) to be an outstanding example of a traditional human settlement, land-use, or sea-use which is representative of a culture (or cultures), or human interaction with the environment especially when it has become vulnerable under the impact of irreversible change;",,,,,,,,,,,,,,,,,,,,,,,,,,,,,,,,,,,,,,,,,,,,,,,,,,,,,,,,,,,,,,,,,No,
1739.0,Maratha Military Landscapes of India,OUV issue; but highly promising,,India,,,,,,,,,"(iv) to be an outstanding example of a type of building, architectural or technological ensemble or landscape which illustrates (a) significant stage(s) in human history; | (vi) to be directly or tangibly associated with events or living traditions, with ideas, or with beliefs, with artistic and literary works of outstanding universal significance;",,,,,,,,,,,,,,,,,,,,,,,,,,,,,,,,,,,,,,,,,,,,,,,,,,,,,,,,,,,,,,,,,No,
1452.0,Bursa and Cumalıkızık: the Birth of the Ottoman Empire,ouv issue,,Türkiye,,,,,,,,,"(i) to represent a masterpiece of human creative genius; | (ii) to exhibit an important interchange of human values, over a span of time or within a cultural area of the world, on developments in architecture or technology, monumental arts, town-planning or landscape design; | (iv) to be an outstanding example of a type of building, architectural or technological ensemble or landscape which illustrates (a) significant stage(s) in human history; | (vi) to be directly or tangibly associated with events or living traditions, with ideas, or with beliefs, with artistic and literary works of outstanding universal significance;",,,,,,,,,,,,,,,,,,,,,,,,,,,,,,,,,,,,,,,,,,,,,,,,,,,,,,,,,,,,,,,,,Yes,
1572.0,Göbekli Tepe,OUV Issue,,Türkiye,,,,,,,,,"(i) to represent a masterpiece of human creative genius; | (ii) to exhibit an important interchange of human values, over a span of time or within a cultural area of the world, on developments in architecture or technology, monumental arts, town-planning or landscape design; | (iv) to be an outstanding example of a type of building, architectural or technological ensemble or landscape which illustrates (a) significant stage(s) in human history;",,,,,,,,,,,,,,,,,,,,,,,,,,,,,,,,,,,,,,,,,,,,,,,,,,,,,,,,,,,,,,,,,No,
356.0,Historic Areas of Istanbul,ouv issue,,Türkiye,,,,,,,,,"(i) to represent a masterpiece of human creative genius; | (ii) to exhibit an important interchange of human values, over a span of time or within a cultural area of the world, on developments in architecture or technology, monumental arts, town-planning or landscape design; | (iii) to bear a unique or at least exceptional testimony to a cultural tradition or to a civilization which is living or which has disappeared; | (iv) to be an outstanding example of a type of building, architectural or technological ensemble or landscape which illustrates (a) significant stage(s) in human history;",,,,,,,,,,,,,,,,,,,,,,,,,,,,,,,,,,,,,,,,,,,,,,,,,,,,,,,,,,,,,,,,,No,
332.0,Punic Town of Kerkuane and its Necropolis,ouv issue,,Tunisia,,,,,,,,,(iii) to bear a unique or at least exceptional testimony to a cultural tradition or to a civilization which is living or which has disappeared;,,,,,,,,,,,,,,,,,,,,,,,,,,,,,,,,,,,,,,,,,,,,,,,,,,,,,,,,,,,,,,,,,No,
12.0,Tiya,OUV issue,,Ethiopia,,,,,,,,,"(i) to represent a masterpiece of human creative genius; | (iv) to be an outstanding example of a type of building, architectural or technological ensemble or landscape which illustrates (a) significant stage(s) in human history;",,,,,,,,,,,,,,,,,,,,,,,,,,,,,,,,,,,,,,,,,,,,,,,,,,,,,,,,,,,,,,,,,No,
1749.0,Saint Hilarion Monastery/ Tell Umm Amer,OUV issue,,State of Palestine,,,,,,,,,"(ii) to exhibit an important interchange of human values, over a span of time or within a cultural area of the world, on developments in architecture or technology, monumental arts, town-planning or landscape design; | (iii) to bear a unique or at least exceptional testimony to a cultural tradition or to a civilization which is living or which has disappeared; | (vi) to be directly or tangibly associated with events or living traditions, with ideas, or with beliefs, with artistic and literary works of outstanding universal significance;",,,,,,,,,,,,,,,,,,,,,,,,,,,,,,,,,,,,,,,,,,,,,,,,,,,,,,,,,,,,,,,,,No,
1518.0,Archaeological Site of Ani,OUV Issue,,Türkiye,,,,,,,,,"(ii) to exhibit an important interchange of human values, over a span of time or within a cultural area of the world, on developments in architecture or technology, monumental arts, town-planning or landscape design; | (iii) to bear a unique or at least exceptional testimony to a cultural tradition or to a civilization which is living or which has disappeared; | (iv) to be an outstanding example of a type of building, architectural or technological ensemble or landscape which illustrates (a) significant stage(s) in human history;",,,,,,,,,,,,,,,,,,,,,,,,,,,,,,,,,,,,,,,,,,,,,,,,,,,,,,,,,,,,,,,,,,
1662.0,The Ancient Town of Si Thep and its Associated Dvaravati Monuments,OUV Issue; bur promising,,Thailand,,,,,,,,,"(ii) to exhibit an important interchange of human values, over a span of time or within a cultural area of the world, on developments in architecture or technology, monumental arts, town-planning or landscape design; | (iii) to bear a unique or at least exceptional testimony to a cultural tradition or to a civilization which is living or which has disappeared;",,,,,,,,,,,,,,,,,,,,,,,,,,,,,,,,,,,,,,,,,,,,,,,,,,,,,,,,,,,,,,,,,No,
148.0,Old City of Jerusalem and its Walls,OUV issue,,Jerusalem (Site proposed by Jordan),,,,,,,,,"(ii) to exhibit an important interchange of human values, over a span of time or within a cultural area of the world, on developments in architecture or technology, monumental arts, town-planning or landscape design; | (iii) to bear a unique or at least exceptional testimony to a cultural tradition or to a civilization which is living or which has disappeared; | (vi) to be directly or tangibly associated with events or living traditions, with ideas, or with beliefs, with artistic and literary works of outstanding universal significance;",,,,,,,,,,,,,,,,,,,,,,,,,,,,,,,,,,,,,,,,,,,,,,,,,,,,,,,,,,,,,,,,,No,
1519.0,Aphrodisias,OUV Issue; promising,,Türkiye,,,,,,,,,"(ii) to exhibit an important interchange of human values, over a span of time or within a cultural area of the world, on developments in architecture or technology, monumental arts, town-planning or landscape design; | (iii) to bear a unique or at least exceptional testimony to a cultural tradition or to a civilization which is living or which has disappeared; | (iv) to be an outstanding example of a type of building, architectural or technological ensemble or landscape which illustrates (a) significant stage(s) in human history; | (vi) to be directly or tangibly associated with events or living traditions, with ideas, or with beliefs, with artistic and literary works of outstanding universal significance;",,,,,,,,,,,,,,,,,,,,,,,,,,,,,,,,,,,,,,,,,,,,,,,,,,,,,,,,,,,,,,,,,No,
597.0,Monastery of Horezu,OUV Issues,,Romania,,,,,,,,,"(ii) to exhibit an important interchange of human values, over a span of time or within a cultural area of the world, on developments in architecture or technology, monumental arts, town-planning or landscape design;",,,,,,,,,,,,,,,,,,,,,,,,,,,,,,,,,,,,,,,,,,,,,,,,,,,,,,,,,,,,,,,,,No,
1457.0,Pergamon and its Multi-Layered Cultural Landscape,ouv absent skipped; bvhp,,Türkiye,,,,,,,,,"(i) to represent a masterpiece of human creative genius; | (ii) to exhibit an important interchange of human values, over a span of time or within a cultural area of the world, on developments in architecture or technology, monumental arts, town-planning or landscape design; | (iii) to bear a unique or at least exceptional testimony to a cultural tradition or to a civilization which is living or which has disappeared; | (iv) to be an outstanding example of a type of building, architectural or technological ensemble or landscape which illustrates (a) significant stage(s) in human history; | (vi) to be directly or tangibly associated with events or living traditions, with ideas, or with beliefs, with artistic and literary works of outstanding universal significance;",,,,,,,,,,,,,,,,,,,,,,,,,,,,,,,,,,,,,,,,,,,,,,,,,,,,,,,,,,,,,,,,,No,
1640.0,Djerba: Testimony to a settlement pattern in an island territory,skipped; ouv absnt; bvhp,,Tunisia,,,,,,,,,"(v) to be an outstanding example of a traditional human settlement, land-use, or sea-use which is representative of a culture (or cultures), or human interaction with the environment especially when it has become vulnerable under the impact of irreversible change;",,,,,,,,,,,,,,,,,,,,,,,,,,,,,,,,,,,,,,,,,,,,,,,,,,,,,,,,,,,,,,,,,No,
499.0,Kairouan,ouv issue; skipped; bvhp,,Tunisia,,,,,,,,,"(i) to represent a masterpiece of human creative genius; | (ii) to exhibit an important interchange of human values, over a span of time or within a cultural area of the world, on developments in architecture or technology, monumental arts, town-planning or landscape design; | (iii) to bear a unique or at least exceptional testimony to a cultural tradition or to a civilization which is living or which has disappeared; | (v) to be an outstanding example of a traditional human settlement, land-use, or sea-use which is representative of a culture (or cultures), or human interaction with the environment especially when it has become vulnerable under the impact of irreversible change; | (vi) to be directly or tangibly associated with events or living traditions, with ideas, or with beliefs, with artistic and literary works of outstanding universal significance;",,,,,,,,,,,,,,,,,,,,,,,,,,,,,,,,,,,,,,,,,,,,,,,,,,,,,,,,,,,,,,,,,No,
1405.0,Neolithic Site of Çatalhöyük,ouv absent; skipped; bvhp,,Türkiye,,,,,,,,,"(iii) to bear a unique or at least exceptional testimony to a cultural tradition or to a civilization which is living or which has disappeared; | (iv) to be an outstanding example of a type of building, architectural or technological ensemble or landscape which illustrates (a) significant stage(s) in human history;",,,,,,,,,,,,,,,,,,,,,,,,,,,,,,,,,,,,,,,,,,,,,,,,,,,,,,,,,,,,,,,,,No,
1018.0,Ephesus,ouv absent; skipped; bvhp,,Türkiye,,,,,,,,,"(iii) to bear a unique or at least exceptional testimony to a cultural tradition or to a civilization which is living or which has disappeared; | (iv) to be an outstanding example of a type of building, architectural or technological ensemble or landscape which illustrates (a) significant stage(s) in human history; | (vi) to be directly or tangibly associated with events or living traditions, with ideas, or with beliefs, with artistic and literary works of outstanding universal significance;",,,,,,,,,,,,,,,,,,,,,,,,,,,,,,,,,,,,,,,,,,,,,,,,,,,,,,,,,,,,,,,,,No,
1488.0,Diyarbakır Fortress and Hevsel Gardens Cultural Landscape,skipped; ouv absnt; bvhp,,Türkiye,,,,,,,,,"(iv) to be an outstanding example of a type of building, architectural or technological ensemble or landscape which illustrates (a) significant stage(s) in human history;",,,,,,,,,,,,,,,,,,,,,,,,,,,,,,,,,,,,,,,,,,,,,,,,,,,,,,,,,,,,,,,,,No,
576.0,Historic City of Ayutthaya,OUV absent; skipped; bhp,,Thailand,,,,,,,,,(iii) to bear a unique or at least exceptional testimony to a cultural tradition or to a civilization which is living or which has disappeared;,,,,,,,,,,,,,,,,,,,,,,,,,,,,,,,,,,,,,,,,,,,,,,,,,,,,,,,,,,,,,,,,,No,
689.0,As-Salt - The Place of Tolerance and Urban Hospitality,"Residential, Public Buildings, Vernacular, Ottoman, Art Nouveau, Neo-Colonial",Limestone,Jordan,Internal (DS/OUV),,Late Ottoman Period / Golden Age (1860s to 1920s),Internal (DS/OUV),,Ottoman Transjordanian / Levant,Internal (DS/OUV),,"(ii) to exhibit an important interchange of human values, over a span of time or within a cultural area of the world, on developments in architecture or technology, monumental arts, town-planning or landscape design; | (iii) to bear a unique or at least exceptional testimony to a cultural tradition or to a civilization which is living or which has disappeared;",Internal (DS/OUV),,Internal (DS/OUV),,Sedimentary Rock,Internal (DS/OUV),,,,,Yellow Stone / Yellow Limestone,Internal (DS/OUV),,limestone,Internal (DS/OUV),,,,,,,,yellow,Internal (DS/OUV),,,,,,,,,,,Jordan,Internal (DS/OUV),,local,Internal (DS/OUV),,,,,"Public buildings and family residences (masonry walls, three-bay structures)",Internal (DS/OUV),,,,,"Skilled craftsmanship, central hallway and three-bay construction",Internal (DS/OUV),,,,,,,,Adaptive reuse projects and site-specific conservation plans for 22 historic buildings,Internal (DS/OUV),,Good,,,Yes,
481.0,Vat Phou and Associated Ancient Settlements within the Champasak Cultural Landscape,ouv absent,,Lao People's Democratic Republic,,,,,,,,,"(iii) to bear a unique or at least exceptional testimony to a cultural tradition or to a civilization which is living or which has disappeared; | (iv) to be an outstanding example of a type of building, architectural or technological ensemble or landscape which illustrates (a) significant stage(s) in human history; | (vi) to be directly or tangibly associated with events or living traditions, with ideas, or with beliefs, with artistic and literary works of outstanding universal significance;",,,,,,,,,,,,,,,,,,,,,,,,,,,,,,,,,,,,,,,,,,,,,,,,,,,,,,,,,,,,,,,,,No,
1730.0,Funerary Tradition in the Prehistory of Sardinia – <em>The domus de janas</em>,ouv absent,,Italy,,,,,,,,,(iii) to bear a unique or at least exceptional testimony to a cultural tradition or to a civilization which is living or which has disappeared;,,,,,,,,,,,,,,,,,,,,,,,,,,,,,,,,,,,,,,,,,,,,,,,,,,,,,,,,,,,,,,,,,No,
190.0,Archaeological Site of Cyrene,ouv issue; but highly possible,,Libya,,,,,,,,,"(ii) to exhibit an important interchange of human values, over a span of time or within a cultural area of the world, on developments in architecture or technology, monumental arts, town-planning or landscape design; | (iii) to bear a unique or at least exceptional testimony to a cultural tradition or to a civilization which is living or which has disappeared; | (vi) to be directly or tangibly associated with events or living traditions, with ideas, or with beliefs, with artistic and literary works of outstanding universal significance;",,,,,,,,,,,,,,,,,,,,,,,,,,,,,,,,,,,,,,,,,,,,,,,,,,,,,,,,,,,,,,,,,No,
849.0,Archaeological Site of Troy,ouv absent; skipped; o,,Türkiye,,,,,,,,,"(ii) to exhibit an important interchange of human values, over a span of time or within a cultural area of the world, on developments in architecture or technology, monumental arts, town-planning or landscape design; | (iii) to bear a unique or at least exceptional testimony to a cultural tradition or to a civilization which is living or which has disappeared; | (vi) to be directly or tangibly associated with events or living traditions, with ideas, or with beliefs, with artistic and literary works of outstanding universal significance;",,,,,,,,,,,,,,,,,,,,,,,,,,,,,,,,,,,,,,,,,,,,,,,,,,,,,,,,,,,,,,,,,No,
37.0,Archaeological Site of Carthage,ouv absent; bvhp,,Tunisia,,,,,,,,,"(ii) to exhibit an important interchange of human values, over a span of time or within a cultural area of the world, on developments in architecture or technology, monumental arts, town-planning or landscape design; | (iii) to bear a unique or at least exceptional testimony to a cultural tradition or to a civilization which is living or which has disappeared; | (vi) to be directly or tangibly associated with events or living traditions, with ideas, or with beliefs, with artistic and literary works of outstanding universal significance;",,,,,,,,,,,,,,,,,,,,,,,,,,,,,,,,,,,,,,,,,,,,,,,,,,,,,,,,,,,,,,,,,No,
794.0,Dougga / Thugga,ouv issue; bhp,,Tunisia,,,,,,,,,"(ii) to exhibit an important interchange of human values, over a span of time or within a cultural area of the world, on developments in architecture or technology, monumental arts, town-planning or landscape design; | (iii) to bear a unique or at least exceptional testimony to a cultural tradition or to a civilization which is living or which has disappeared;",,,,,,,,,,,,,,,,,,,,,,,,,,,,,,,,,,,,,,,,,,,,,,,,,,,,,,,,,,,,,,,,,No,
97.0,Historical Complex of Split with the Palace of Diocletian,skipped; ouv absent,,Croatia,,,,,,,,,"(ii) to exhibit an important interchange of human values, over a span of time or within a cultural area of the world, on developments in architecture or technology, monumental arts, town-planning or landscape design; | (iii) to bear a unique or at least exceptional testimony to a cultural tradition or to a civilization which is living or which has disappeared; | (iv) to be an outstanding example of a type of building, architectural or technological ensemble or landscape which illustrates (a) significant stage(s) in human history;",,,,,,,,,,,,,,,,,,,,,,,,,,,,,,,,,,,,,,,,,,,,,,,,,,,,,,,,,,,,,,,,,No,
287.0,Rock-Art Sites of Tadrart Acacus,ouv absent; skipped; bvvvvvhp,,Libya,,,,,,,,,(iii) to bear a unique or at least exceptional testimony to a cultural tradition or to a civilization which is living or which has disappeared;,,,,,,,,,,,,,,,,,,,,,,,,,,,,,,,,,,,,,,,,,,,,,,,,,,,,,,,,,,,,,,,,,No,
184.0,Archaeological Site of Sabratha,ouv absent; skipped; bvhp,,Libya,,,,,,,,,(iii) to bear a unique or at least exceptional testimony to a cultural tradition or to a civilization which is living or which has disappeared;,,,,,,,,,,,,,,,,,,,,,,,,,,,,,,,,,,,,,,,,,,,,,,,,,,,,,,,,,,,,,,,,,No,
575.0,Ban Chiang Archaeological Site,OUV absent; skipped; bvvhp,,Thailand,,,,,,,,,(iii) to bear a unique or at least exceptional testimony to a cultural tradition or to a civilization which is living or which has disappeared;,,,,,,,,,,,,,,,,,,,,,,,,,,,,,,,,,,,,,,,,,,,,,,,,,,,,,,,,,,,,,,,,,No,
1507.0,"Phu Phrabat, a testimony to the Sīma stone tradition of the Dvaravati period",ouv absent; bp,,Thailand,,,,,,,,,"(iii) to bear a unique or at least exceptional testimony to a cultural tradition or to a civilization which is living or which has disappeared; | (v) to be an outstanding example of a traditional human settlement, land-use, or sea-use which is representative of a culture (or cultures), or human interaction with the environment especially when it has become vulnerable under the impact of irreversible change;",,,,,,,,,,,,,,,,,,,,,,,,,,,,,,,,,,,,,,,,,,,,,,,,,,,,,,,,,,,,,,,,,No,
925.0,Rock Shelters of Bhimbetka,ouv absent; bvvvhp,,India,,,,,,,,,"(iii) to bear a unique or at least exceptional testimony to a cultural tradition or to a civilization which is living or which has disappeared; | (v) to be an outstanding example of a traditional human settlement, land-use, or sea-use which is representative of a culture (or cultures), or human interaction with the environment especially when it has become vulnerable under the impact of irreversible change;",,,,,,,,,,,,,,,,,,,,,,,,,,,,,,,,,,,,,,,,,,,,,,,,,,,,,,,,,,,,,,,,,No,
448.0,Nemrut Dağ,ouv absent; skipped; bvvvvhp,,Türkiye,,,,,,,,,"(i) to represent a masterpiece of human creative genius; | (iii) to bear a unique or at least exceptional testimony to a cultural tradition or to a civilization which is living or which has disappeared; | (iv) to be an outstanding example of a type of building, architectural or technological ensemble or landscape which illustrates (a) significant stage(s) in human history;",,,,,,,,,,,,,,,,,,,,,,,,,,,,,,,,,,,,,,,,,,,,,,,,,,,,,,,,,,,,,,,,,No,
201.0,Ancient City of Polonnaruwa,ouv absent; skipped; bvvvhp,,Sri Lanka,,,,,,,,,"(i) to represent a masterpiece of human creative genius; | (iii) to bear a unique or at least exceptional testimony to a cultural tradition or to a civilization which is living or which has disappeared; | (vi) to be directly or tangibly associated with events or living traditions, with ideas, or with beliefs, with artistic and literary works of outstanding universal significance;",,,,,,,,,,,,,,,,,,,,,,,,,,,,,,,,,,,,,,,,,,,,,,,,,,,,,,,,,,,,,,,,,No,
1709.0,Murujuga Cultural Landscape,ouv absent; but very highly possible,,Australia,,,,,,,,,"(i) to represent a masterpiece of human creative genius; | (iii) to bear a unique or at least exceptional testimony to a cultural tradition or to a civilization which is living or which has disappeared; | (v) to be an outstanding example of a traditional human settlement, land-use, or sea-use which is representative of a culture (or cultures), or human interaction with the environment especially when it has become vulnerable under the impact of irreversible change;",,,,,,,,,,,,,,,,,,,,,,,,,,,,,,,,,,,,,,,,,,,,,,,,,,,,,,,,,,,,,,,,,No,
1201.0,Mount Mulanje Cultural Landscape,ouv absent; skipped,,Malawi,,,,,,,,,"(iii) to bear a unique or at least exceptional testimony to a cultural tradition or to a civilization which is living or which has disappeared; | (vi) to be directly or tangibly associated with events or living traditions, with ideas, or with beliefs, with artistic and literary works of outstanding universal significance;",,,,,,,,,,,,,,,,,,,,,,,,,,,,,,,,,,,,,,,,,,,,,,,,,,,,,,,,,,,,,,,,,No,
200.0,Sacred City of Anuradhapura,No ouv present; skipped; bp,,Sri Lanka,,,,,,,,,"(ii) to exhibit an important interchange of human values, over a span of time or within a cultural area of the world, on developments in architecture or technology, monumental arts, town-planning or landscape design; | (iii) to bear a unique or at least exceptional testimony to a cultural tradition or to a civilization which is living or which has disappeared; | (vi) to be directly or tangibly associated with events or living traditions, with ideas, or with beliefs, with artistic and literary works of outstanding universal significance;",,,,,,,,,,,,,,,,,,,,,,,,,,,,,,,,,,,,,,,,,,,,,,,,,,,,,,,,,,,,,,,,,No,