Site ID,Site Name,Country,Architecture Type,Architecture Type_Ref,Architecture Type_Ext,Construction Period,Construction Period_Ref,Construction Period_Ext,Civilization,Civilization_Ref,Civilization_Ext,UNESCO Criteria,UNESCO Criteria_Ref,UNESCO Criteria_Ext,Mentioned Major Stone(s),Exploded Major Stone,Standardized Stone Name,Rock Class,Mentioned Major Stone(s)_Ref,Mentioned Major Stone(s)_Ext,Rock Class_Ref,Rock Class_Ext,Secondary Stone,Secondary Stone_Ref,Secondary Stone_Ext,Local Stone Name,Local Stone Name_Ref,Local Stone Name_Ext,Lithology,Lithology_Ref,Lithology_Ext,Geological Age,Geological Age_Ref,Geological Age_Ext,Formation,Formation_Ref,Formation_Ext,Colour,Colour_Ref,Colour_Ext,Texture,Texture_Ref,Texture_Ext,Minerals,Minerals_Ref,Minerals_Ext,Quarry,Quarry_Ref,Quarry_Ext,Quarry Country,Quarry Country_Ref,Quarry Country_Ext,Local vs Imported,Local vs Imported_Ref,Local vs Imported_Ext,Transport Distance,Transport Distance_Ref,Transport Distance_Ext,Structural Use,Structural Use_Ref,Structural Use_Ext,Decorative Use,Decorative Use_Ref,Decorative Use_Ext,Masonry Technique,Masonry Technique_Ref,Masonry Technique_Ext,Weathering,Weathering_Ref,Weathering_Ext,Replacement Stone,Replacement Stone_Ref,Replacement Stone_Ext,Restoration,Restoration_Ref,Restoration_Ext,Condition,Condition_Ref,Condition_Ext,UNESCO Mention,Other references,flag_extracted,Stone_Potential_Flag,Potential_Tier_Description,Index
252,Taj Mahal,India,Indo-Islamic sepulchral architecture; nan,Internal (DS/OUV),,1632 AD - 1653 AD (Main mausoleum completed 1648 AD),Internal (DS/OUV),,Mughal Empire,Internal (DS/OUV),,(i) to represent a masterpiece of human creative genius;,Internal (DS/OUV),,White Marble,White Marble,Marble,Metamorphic,Internal (DS/OUV),,,,Red Sandstone,Internal (DS/OUV),,Makrana Marble (Sang-e-Marmar / Pure White Calcite Marble),External,https://iugs-geoheritage.org/geoheritage_stones/makrana-marble/,Metamorphic (Granoblastic Calcitic Marble with ~98–100% Calcite); Secondary stone is Sedimentary Quartzarenite Sandstone,External,https://iugs-geoheritage.org/geoheritage_stones/makrana-marble/,Proterozoic,External,https://iugs-geoheritage.org/geoheritage_stones/makrana-marble/,"Ajmer Formation, Kumbhalgarh Group, Delhi Supergroup",External,https://www.ijraset.com/best-journal/an-appraisal-of-hydrogeological-conditions-and-fluoride-problem-in-makrana-block-of-nagaur-district-in-rajasthan-india,Pure white with greyish veins,Internal (DS/OUV),,"Fine to medium-grained, crystalline granoblastic, interlocking texture",External,https://iugs-geoheritage.org/geoheritage_stones/makrana-marble/,"Calcite (>98%), with minor quartz, muscovite, and silicate impurities in grey streaks",External,https://iugs-geoheritage.org/geoheritage_stones/makrana-marble/,"Makrana (Nagaur District, Rajasthan) for marble; Tantpur/Dholpur for red sandstone",External,https://bgm.revistas.csic.es/index.php/bgm/article/view/773/749,india,Internal (DS/OUV),,"Imported (Transported from Nagaur, Rajasthan to Agra, Uttar Pradesh)",External,https://iugs-geoheritage.org/geoheritage_stones/makrana-marble/,"~300 km to 350 km (from Makrana, Rajasthan to Agra)",External,https://www.researchgate.net/publication/330155141_Makrana_Marble_a_Popular_Heritage_Stone_Resource_from_NW_India,"Main tomb structure, minarets, platforms, domes, and wall veneering.",Internal (DS/OUV),,"Exquisite octagonal marble lattice screens, pietra dura stone intarsia inlay (using precious/semi-precious stones), floral relief motifs, and Arabic calligraphic inscriptions.",Internal (DS/OUV),,Brick-in-lime mortar core veneered with dressed stone slices.,Internal (DS/OUV),,Atmospheric pollution-induced discolouration; micro-cracking and bio-deterioration,External,https://www.researchgate.net/publication/354053657_Role_of_air_pollutant_for_deterioration_of_Taj_Mahal_by_identifying_corrosion_products_on_surface_of_metals,,,,"Traditional clay pack treatments (Fuller's earth / multani mitti) for cleaning marble yellowing; air quality monitoring; banning coal/coke usage in the 10,400 $\text{km}^2$ Taj Trapezium Zone (TTZ)",Internal (DS/OUV),,Good,Internal (DS/OUV),,Yes,"Other References	
1. ICOMOS Advisory Body Evaluation (1983)


2. Kaur et al. (2019) – Makrana Marble: A Popular Heritage Stone Resource from NW India


3. ResearchGate: Role of Air Pollutants for Deterioration of Taj Mahal


4. GIA – Gemstones in the Era of the Taj Mahal and the Mughals",,,Tier 9: Unflagged,
726,Historic Centre of Naples,Italy,"Greek, Roman, Byzantine, Norman, French Gothic, Tuscan/Aragonese, Renaissance, Baroque, Neoclassical; nan",Internal (DS/OUV),,9th Century B.C. (Parthenope/Palaepolis) – 18th Century A.D. (Bourbon era) & modern continuity,Internal (DS/OUV),,"Greek, Roman, Byzantine, Norman, Swabian, Angevin, Aragonese, Spanish, Bourbon",Internal (DS/OUV),,"(ii) to exhibit an important interchange of human values, over a span of time or within a cultural area of the world, on developments in architecture or technology, monumental arts, town-planning or landscape design; | (iv) to be an outstanding example of a type of building, architectural or technological ensemble or landscape which illustrates (a) significant stage(s) in human history;",Internal (DS/OUV),,"Yellow Tufa, Grey Piperno, White Marble",White Marble,Marble,Metamorphic,Internal (DS/OUV),,,,,,,,,,,,,,,,,,,"Yellow (Tufa), Grey (Piperno), White (Marble)",Internal (DS/OUV),,,,,,,,"Naples subsoil (Fontanelle, Capodimonte, Rione Sanità, Pizzofalcone) & western Campi Flegrei (Pianura, Soccavo)",External,https://virtualexplorer.com.au/article/2010/261/urban-geology-in-the-neapolitan-area/materials.html,Italy,Internal (DS/OUV),,Local (Yellow Tufa and Piperno derived locally from subsoil/Bay area); White Marble imported/regional,Internal (DS/OUV),,,,,"Load-bearing masonry walls, foundations, city wall fortifications (e.g., Castel Nuovo, Castel dell'Ovo)",Internal (DS/OUV),,"Facades, columns, capitals, lintels, bas-reliefs, ornamental details, sculptures",Internal (DS/OUV),,,,,,,,,,,,,,Moderate,Internal (DS/OUV),,Yes,"• Journal of the Virtual Explorer: Urban Geology in the Neapolitan Area


• ResearchGate: Piperno from Campi Flegrei


• CORE: Influence of Water on Neapolitan Yellow Tuff",,,Tier 9: Unflagged,
907,Villa Adriana (Tivoli),Italy,Imperial Roman Classical Architecture; nan,Internal (DS/OUV),,"2nd century A.D. (117 – 138 A.D., reign of Emperor Hadrian)",Internal (DS/OUV),,Ancient Roman / Early Roman Empire,Internal (DS/OUV),,"(i) to represent a masterpiece of human creative genius; | (ii) to exhibit an important interchange of human values, over a span of time or within a cultural area of the world, on developments in architecture or technology, monumental arts, town-planning or landscape design; | (iii) to bear a unique or at least exceptional testimony to a cultural tradition or to a civilization which is living or which has disappeared;",Internal (DS/OUV),,"Cipollino Marble (Marmor Carystium), Granite, Marble, Travertine (Lapis Tiburtinus), Tufa",Cipollino Marble (Marmor Carystium),Marble,Metamorphic,Internal (DS/OUV),,,,"Pavonazzetto, Porfido Rosso (Red Porphyry), Proconnesian Marble",,,,,,,,,,,,,,,Greenish-white with dark green bands (Cipollino); Grey/Pink/Red (Granite); Light beige to cream (Travertine),Internal (DS/OUV),,,,,,,,Euboea/Carystos quarries (Cipollino); Aswan quarries (Egyptian Granite); Tivoli / Barco quarries (Travertine & Tufa),Internal (DS/OUV),,"Italy (Local Travertine/Tufa), Greece (Cipollino Marble), Egypt (Granite)",Internal (DS/OUV),,Both: Travertine and Tufa are Local; Cipollino Marble and Egyptian Granite are Imported,Internal (DS/OUV),,,,,"Structural piers, load-bearing walls, foundations, and vaults (Tufa and Travertine); load-bearing columns (Travertine & Granite)",Internal (DS/OUV),,"Peristyle column shafts (Cipollino marble and Egyptian granite), floor pavements (opus sectile), wall revetments, porticos, and decorative statues",Internal (DS/OUV),,"Opus reticulatum, opus mixtum, opus testaceum (brick-faced concrete core), and opus quadratum (travertine ashlar block masonry)",Internal (DS/OUV),,"Atmospheric weathering, carbonate dissolution, biological growth, and material degradation from past exposure/neglect",Internal (DS/OUV),,,,,"Partial anastylosis, continuous consolidation, and structural preservation carried out under the Restoration Charter and the Italian Codice dei beni culturali e del Paesaggio",Internal (DS/OUV),,Good,Internal (DS/OUV),,Yes,"• ICOMOS Advisory Body Evaluation - Villa Adriana (Tivoli)


• Scientific studies on Roman building stone provenance published via the Italian Journal of Geosciences.",,,Tier 9: Unflagged,
907,Villa Adriana (Tivoli),Italy,Imperial Roman Classical Architecture; nan,Internal (DS/OUV),,"2nd century A.D. (117 – 138 A.D., reign of Emperor Hadrian)",Internal (DS/OUV),,Ancient Roman / Early Roman Empire,Internal (DS/OUV),,"(i) to represent a masterpiece of human creative genius; | (ii) to exhibit an important interchange of human values, over a span of time or within a cultural area of the world, on developments in architecture or technology, monumental arts, town-planning or landscape design; | (iii) to bear a unique or at least exceptional testimony to a cultural tradition or to a civilization which is living or which has disappeared;",Internal (DS/OUV),,"Cipollino Marble (Marmor Carystium), Granite, Marble, Travertine (Lapis Tiburtinus), Tufa",Marble,Marble,Metamorphic,Internal (DS/OUV),,,,"Pavonazzetto, Porfido Rosso (Red Porphyry), Proconnesian Marble",,,,,,,,,,,,,,,Greenish-white with dark green bands (Cipollino); Grey/Pink/Red (Granite); Light beige to cream (Travertine),Internal (DS/OUV),,,,,,,,Euboea/Carystos quarries (Cipollino); Aswan quarries (Egyptian Granite); Tivoli / Barco quarries (Travertine & Tufa),Internal (DS/OUV),,"Italy (Local Travertine/Tufa), Greece (Cipollino Marble), Egypt (Granite)",Internal (DS/OUV),,Both: Travertine and Tufa are Local; Cipollino Marble and Egyptian Granite are Imported,Internal (DS/OUV),,,,,"Structural piers, load-bearing walls, foundations, and vaults (Tufa and Travertine); load-bearing columns (Travertine & Granite)",Internal (DS/OUV),,"Peristyle column shafts (Cipollino marble and Egyptian granite), floor pavements (opus sectile), wall revetments, porticos, and decorative statues",Internal (DS/OUV),,"Opus reticulatum, opus mixtum, opus testaceum (brick-faced concrete core), and opus quadratum (travertine ashlar block masonry)",Internal (DS/OUV),,"Atmospheric weathering, carbonate dissolution, biological growth, and material degradation from past exposure/neglect",Internal (DS/OUV),,,,,"Partial anastylosis, continuous consolidation, and structural preservation carried out under the Restoration Charter and the Italian Codice dei beni culturali e del Paesaggio",Internal (DS/OUV),,Good,Internal (DS/OUV),,Yes,"• ICOMOS Advisory Body Evaluation - Villa Adriana (Tivoli)


• Scientific studies on Roman building stone provenance published via the Italian Journal of Geosciences.",,,Tier 9: Unflagged,
1645,Dholavira: a Harappan City,India,"Fortified city, Water Reservoirs, and Cemetery; nan",Internal (DS/OUV),,"ca. 3000–1500 BCE (Bronze Age / Early, Mature, and Late Harappan phases)",Internal (DS/OUV),,Harappan Civilization (Indus Valley Civilization),Internal (DS/OUV),,"(iii) to bear a unique or at least exceptional testimony to a cultural tradition or to a civilization which is living or which has disappeared; | (iv) to be an outstanding example of a type of building, architectural or technological ensemble or landscape which illustrates (a) significant stage(s) in human history;",Internal (DS/OUV),,"Sandstone, Limestone, Agate, Carnelian, Steatite",Steatite,Talc,Metamorphic,Internal (DS/OUV),,Internal (DS/OUV),,"Agate, Carnelian, Steatite, Banded Limestone",Internal (DS/OUV),,Khadir Sandstone / Calcareous Sandstone,Internal (DS/OUV),,"Calcareous Sandstone, Calcareous Mudstone, Fossiliferous Limestone",Internal (DS/OUV),,,,,Khadir Formation (Kachchh Basin),External,,"Yellowish-brown, reddish-brown, buff sandstone, white/banded limestone",Internal (DS/OUV),,,,,,,,Ancient stone quarry sites on Khadir Island (located in the buffer zone),Internal (DS/OUV),,India,Internal (DS/OUV),,"Local: Architectural Sandstone & Limestone from Khadir Island.

Imported/Traded: Raw minerals, metals, and semi-precious stones via regional trade.",Internal (DS/OUV),,Local: 1–5 km (Khadir Island for masonry stones).,,,"Fortification walls, Citadel, Castle, Bailey, Gateways, Water Reservoirs, Drains, and Mortuary structures.",Internal (DS/OUV),,"Polished stone column bases/rings, bead jewellery manufacturing (Agate, Carnelian, Steatite).",Internal (DS/OUV),,Cut/dressed stone masonry with mud-brick cores; mortise-and-tenon joints in stone pillars.,Internal (DS/OUV),,,,,,,,"Minimum intervention, in-situ consolidation, stabilization using scientific conservation principles by Archaeological Survey of India (ASI).",Internal (DS/OUV),,Good,Internal (DS/OUV),,Yes,"1. ICOMOS Evaluation Document


2. UNESCO Official Dossier Ref 1645


3. Kachchh Basin Geological Survey (Sharma et al., 2020)",,,Tier 9: Unflagged,
945,Chhatrapati Shivaji Terminus (formerly Victoria Terminus),India,Victorian Gothic Revival blended with traditional Indian architecture; nan,Internal (DS/OUV),,10 years starting in 1878 (1878–1888),Internal (DS/OUV),,19th-Century British Commonwealth / Colonial India,Internal (DS/OUV),,"(ii) to exhibit an important interchange of human values, over a span of time or within a cultural area of the world, on developments in architecture or technology, monumental arts, town-planning or landscape design; | (iv) to be an outstanding example of a type of building, architectural or technological ensemble or landscape which illustrates (a) significant stage(s) in human history;",Internal (DS/OUV),,"Yellow Malad Stone, Italian Marble, Polished Granite, White Limestone",Italian Marble,Marble,Metamorphic,Internal (DS/OUV),,Internal (DS/OUV),,"Italian Marble, Polished Granite, White Limestone",Internal (DS/OUV),,Local Yellow Malad Stone (Yellow Basalt),Internal (DS/OUV),,"Trachytic/Basaltic tuff (Malad yellow stone), crystalline marble, fine-grained limestone",External,Maitri Dore (2014),,,,,,,"Yellow (Malad stone), White (Limestone/Marble)",Internal (DS/OUV),,,,,na,,,Malad Quarries (Mumbai); Carrara (Italy),Internal (DS/OUV),,India (Malad stone) and Italy (Marble),Internal (DS/OUV),,Mixed (Local yellow Malad stone; Imported Italian marble),Internal (DS/OUV),,Local (<25 km) for Malad stone; International long-distance sea route for Italian marble,Internal (DS/OUV),,"Octagonal ribbed masonry dome, drum, turrets, pointed arches, main entrance gates, columns, and exterior walls",Internal (DS/OUV),,"3D-stone carvings of local flora and fauna, gargoyles, allegorical grotesques, arched tympana, portrait roundels, relief busts, decorated rose windows, lion/tiger gate pillars",Internal (DS/OUV),,"Ashlar stone masonry, octagonal ribbed dome masonry, bas-relief and openwork stone carving",Internal (DS/OUV),,Atmospheric degradation from air pollution/traffic emissions and chemical weathering from coastal saline air,Internal (DS/OUV),,,,,"Phase II conservation works ongoing under the long-term management plan by the Architectural Conservation Cell (ACC, initiated 1997)",Internal (DS/OUV),,Good,Internal (DS/OUV),,Yes,"ICOMOS Advisory Body Evaluation, 
Official UNESCO Dossier, and 
Maitri Dore (2014)",,,Tier 9: Unflagged,
3,Aachen Cathedral,Germany,Palatine Chapel / Cathedral (Carolingian octagonal core with Gothic choir and additions); nan,Internal (DS/OUV),,Began c. 790–800 (c. 793–813; consecrated 805),Internal (DS/OUV),,Carolingian (Frankish) Empire / Holy Roman Empire,Internal (DS/OUV),,,Internal (DS/OUV),,Marble,Marble,Marble,Metamorphic,Internal (DS/OUV),,,,"Local quarry stone (Sandstone/Limestone), Granite (1840s replacement columns)",,,Aachen Bluestone / Aachener Blaustein (fossiliferous limestone),,,"Fossiliferous Limestone, Marble, Sandstone",,,Na,,,,,,Greek and Italian marble tones,Internal (DS/OUV),,,,,,,,"Local quarries (Aachen area); Ancient spolia sourced from Rome, Ravenna, and Cologne (St. Gereon)",External,https://en.wikipedia.org/wiki/Aachen_Cathedral,"Germany, Italy, Greece",External,https://en.wikipedia.org/wiki/Aachen_Cathedral,"Local (immediate vicinity) to Long-distance (>1,000 km from Rome and Ravenna)",External,https://en.wikipedia.org/wiki/Aachen_Cathedral,,,,"Eight main octagonal piers, vaulted arcades, load-bearing exterior walls, octagonal drum, and dome cupola",Internal (DS/OUV),,"Antique interior marble columns/facade lining, Carolingian stone throne, Proserpine relief sarcophagus",Internal (DS/OUV),,,,,,,,,,,,,,Good,,,Yes,"ICOMOS Advisory Body Evaluation, Wikipedia: Aachen Cathedral Entry, and Wikimedia Commons Stone Archives",,,Tier 9: Unflagged,
788,Early Christian Monuments of Ravenna,Italy,Early Christian / Byzantine Monuments; nan,Internal (DS/OUV),,5th – 6th Century AD,Internal (DS/OUV),,Late Roman / Early Christian / Byzantine,Internal (DS/OUV),,"(i) to represent a masterpiece of human creative genius; | (ii) to exhibit an important interchange of human values, over a span of time or within a cultural area of the world, on developments in architecture or technology, monumental arts, town-planning or landscape design; | (iii) to bear a unique or at least exceptional testimony to a cultural tradition or to a civilization which is living or which has disappeared; | (iv) to be an outstanding example of a type of building, architectural or technological ensemble or landscape which illustrates (a) significant stage(s) in human history;",Internal (DS/OUV),,"Istrian Stone (Pietra d'Istria), Marble",Marble,Marble,Metamorphic,Internal (DS/OUV),,Internal (DS/OUV),,"Proconnesian Marble, Greek Marbles, Porphyry",Internal (DS/OUV),,Pietra d'Istria,Internal (DS/OUV),,Microcrystalline Limestone (Istrian Stone); Crystalline Marble; Igneous Porphyry,Internal (DS/OUV),,Cretaceous (for Istrian Limestone),,,,,,"White/Pale Grey (Istrian Stone), Polychrome (Marble), Deep Red/Purple (Porphyry)",Internal (DS/OUV),,"Fine-grained / Compact (Istrian Stone), Crystalline (Marble)",Internal (DS/OUV),,Calcite (Limestone / Marble),Internal (DS/OUV),,Istria Quarries (Coastal Istrian Peninsula),Internal (DS/OUV),,Croatia / Slovenia (Historic Istrian Region),Internal (DS/OUV),,Imported,Internal (DS/OUV),,~400 km (maritime across/around the Adriatic Sea),Internal (DS/OUV),,"Heavy ashlar wall masonry (opus quadratum), load-bearing piers, monolithic cupola roof dome (Mausoleum of Theodoric)",Internal (DS/OUV),,"Interior column capitals, wall revetments, sarcophagi / burial tub",Internal (DS/OUV),,"Opus quadratum (dressed stone blocks without mortar for the Mausoleum of Theodoric), fine brickwork for basilicas",Internal (DS/OUV),,,,,,,,,,,Good,,,Yes,,,,Tier 9: Unflagged,
395,"Piazza del Duomo, Pisa",Italy,"Religious Ensemble / Pisan Romanesque Architecture (Cathedral, Baptistery, Campanile/Leaning Tower, Campo Santo); nan",Internal (DS/OUV),,11th–14th Century (begun in 1064),Internal (DS/OUV),,Medieval Italian / Maritime Republic of Pisa,Internal (DS/OUV),,,Internal (DS/OUV),,Marble (General Mention); Carrara Marble,Marble (General Mention),Marble,Metamorphic,Internal (DS/OUV),,,,,,,,,,,,,,,,,,,,,,"White/Light Grey (Marble),",Internal (DS/OUV),,,,,"Carrara Quarries (Apuan Alps), San Giuliano Terme (Monti Pisani), Giglio Island Quarries",External,"Fratini, F., Rescic, S., Cuzman, O. A., & Pierattini, P. (2022). The Alteration of Giglio Island Granite: Relevance to the Conservation of Monumental Architecture. Applied Sciences, 12(9), 4588. https://doi.org/10.3390/app12094588

",Italy,Internal (DS/OUV),,Mixed (Local from Monti Pisani ~10 km; Regional from Carrara ~60 km & Giglio ~150 km),External,"Fratini, F., Rescic, S., Cuzman, O. A., & Pierattini, P. (2022). The Alteration of Giglio Island Granite: Relevance to the Conservation of Monumental Architecture. Applied Sciences, 12(9), 4588. https://doi.org/10.3390/app12094588
",~10 km (San Giuliano) to ~150 km (Giglio Island via sea/river),External,"Fratini, F., Rescic, S., Cuzman, O. A., & Pierattini, P. (2022). The Alteration of Giglio Island Granite: Relevance to the Conservation of Monumental Architecture. Applied Sciences, 12(9), 4588. https://doi.org/10.3390/app12094588
","Foundation ashlar, structural load-bearing walls, exterior arcades, columns",Internal (DS/OUV),,"Polychrome facade cladding, carved pulpits, loggias, relief panels, arches",Internal (DS/OUV),,,,,,,,,,,"Geotechnical soil extraction & counterweighting (tower stabilization), marble surface cleaning, consolidation",Internal (DS/OUV),,Good,Internal (DS/OUV),,Yes,"Fratini, F., Rescic, S., Cuzman, O. A., & Pierattini, P. (2022). The Alteration of Giglio Island Granite: Relevance to the Conservation of Monumental Architecture. Applied Sciences, 12(9), 4588. https://doi.org/10.3390/app12094588
",,,Tier 9: Unflagged,
395,"Piazza del Duomo, Pisa",Italy,"Religious Ensemble / Pisan Romanesque Architecture (Cathedral, Baptistery, Campanile/Leaning Tower, Campo Santo); nan",Internal (DS/OUV),,11th–14th Century (begun in 1064),Internal (DS/OUV),,Medieval Italian / Maritime Republic of Pisa,Internal (DS/OUV),,,Internal (DS/OUV),,Marble (General Mention); Carrara Marble,Carrara Marble,Marble,Metamorphic,Internal (DS/OUV),,,,,,,,,,,,,,,,,,,,,,"White/Light Grey (Marble),",Internal (DS/OUV),,,,,"Carrara Quarries (Apuan Alps), San Giuliano Terme (Monti Pisani), Giglio Island Quarries",External,"Fratini, F., Rescic, S., Cuzman, O. A., & Pierattini, P. (2022). The Alteration of Giglio Island Granite: Relevance to the Conservation of Monumental Architecture. Applied Sciences, 12(9), 4588. https://doi.org/10.3390/app12094588

",Italy,Internal (DS/OUV),,Mixed (Local from Monti Pisani ~10 km; Regional from Carrara ~60 km & Giglio ~150 km),External,"Fratini, F., Rescic, S., Cuzman, O. A., & Pierattini, P. (2022). The Alteration of Giglio Island Granite: Relevance to the Conservation of Monumental Architecture. Applied Sciences, 12(9), 4588. https://doi.org/10.3390/app12094588
",~10 km (San Giuliano) to ~150 km (Giglio Island via sea/river),External,"Fratini, F., Rescic, S., Cuzman, O. A., & Pierattini, P. (2022). The Alteration of Giglio Island Granite: Relevance to the Conservation of Monumental Architecture. Applied Sciences, 12(9), 4588. https://doi.org/10.3390/app12094588
","Foundation ashlar, structural load-bearing walls, exterior arcades, columns",Internal (DS/OUV),,"Polychrome facade cladding, carved pulpits, loggias, relief panels, arches",Internal (DS/OUV),,,,,,,,,,,"Geotechnical soil extraction & counterweighting (tower stabilization), marble surface cleaning, consolidation",Internal (DS/OUV),,Good,Internal (DS/OUV),,Yes,"Fratini, F., Rescic, S., Cuzman, O. A., & Pierattini, P. (2022). The Alteration of Giglio Island Granite: Relevance to the Conservation of Monumental Architecture. Applied Sciences, 12(9), 4588. https://doi.org/10.3390/app12094588
",,,Tier 9: Unflagged,
232,"Humayun's Tomb, Delhi",India,Garden-Tomb / Dynastic Mausoleum (Mughal / Indo-Islamic Architecture); nan,Internal (DS/OUV),,1560s–1570 (1562 to 1571 CE),Internal (DS/OUV),,Mughal Empire,Internal (DS/OUV),,"(ii) to exhibit an important interchange of human values, over a span of time or within a cultural area of the world, on developments in architecture or technology, monumental arts, town-planning or landscape design; | (iv) to be an outstanding example of a type of building, architectural or technological ensemble or landscape which illustrates (a) significant stage(s) in human history;",Internal (DS/OUV),,"Red Sandstone, White Marble",White Marble,Marble,Metamorphic,Internal (DS/OUV),,,,Black Marble (used for inlay/borders),Internal (DS/OUV),,Delhi Quartzite (used in core/structural masonry underpinning red sandstone cladding),External,Peer-Reviewed Literature / ASI Conservation Reports,,,,,,,,,,"Red, White, Black",Internal (DS/OUV),,,,,,,,,,,,Internal (DS/OUV),,,,,,,,"High terraced platform with vaulted cells, core masonry walls, double dome superstructure",Internal (DS/OUV),,"Cladding in red sandstone, white marble double-dome, black and white marble inlaid borders, stone screens (jalis), glazed ceramic tiles on chhatris",Internal (DS/OUV),,"Dressed stone masonry with ashlar cladding, tie-bars, and lime mortar joining; marble inlay (Pietra Dura precursor)",Internal (DS/OUV),,,,,Traditional red sandstone and white marble matching original quarry characteristics,Internal (DS/OUV),,"Removal of 20th-century cement/concrete layers and replacement with traditional lime mortar, lime concrete, and reset original stone paving (AKTC / ASI Project)",Internal (DS/OUV),,Good,Internal (DS/OUV),,Yes,"ICOMOS Evaluation, Aga Khan Trust for Culture (AKTC) Conservation Reports, 
Peer-Reviewed Scientific Studies (Lowry, 1986; Naik et al., 2024; Kumar, 2026)",,,Tier 9: Unflagged,
758,Millenary Benedictine Abbey of Pannonhalma and its Natural Environment,Hungary,"Monastic complex (Abbey, Basilica/Church, Cloister, Crypt, Refectory, Chapel, Millennium Monument, Library); nan",Internal (DS/OUV),,"Monastic complex (Abbey, Basilica/Church, Cloister, Crypt, Refectory, Chapel, Millennium Monument, Library)",Internal (DS/OUV),,Medieval & Early Modern European / Hungarian Christian (Benedictine Monasticism),Internal (DS/OUV),,,Internal (DS/OUV),,"Red Marble, Limestone, Brick",Red Marble,Marble,Metamorphic,Internal (DS/OUV),,,,,,,,,,,,,,,,,,,"Red / Reddish, Grey/White (Limestone)",Internal (DS/OUV),,,,,,,,Gerecse Mountains quarries (Tardos area),External,,Hungary,External,,Regional / Domestic (Carpathian Basin),External,,~50–80 km (Gerecse to Pannonhalma),External,,"Walls, foundations, piers, arches, vaults, Millennium Monument core structure",Internal (DS/OUV),,"Porta Speciosa facing, decorative small columns, sculptured cloister stones, portico columns (Ionic), tympanum relief",Internal (DS/OUV),,"Ashlar masonry, carved decorative stonework",Internal (DS/OUV),,Severe deterioration (noted specifically on the 26m dome/drum of the Millennium Monument),Internal (DS/OUV),,,,,Dome removal (1937–38); 1960s cloister excavations/restorations; Romantic style restoration (1865); 20th-century conservation phases,Internal (DS/OUV),,Good,Internal (DS/OUV),,Yes,"Archaeometriai Műhely Journal (Bernadett, 2024)",,,Tier 9: Unflagged,
389,Studenica Monastery,Serbia,Monastic complex; Raška School of eastern medieval church architecture blending Romanesque (exterior) and Byzantine (interior/frescoes) styles. Single-nave domed churches.; nan,Internal (DS/OUV),,Late 12th century (established ~1183–1196 by Stefan Nemanja); King’s Church added in 1314,Internal (DS/OUV),,Medieval Serbian State / Serbian Orthodox Church (Nemanjić Dynasty).,Internal (DS/OUV),,,Internal (DS/OUV),,White Marble,White Marble,Marble,Metamorphic,Internal (DS/OUV),,,,,,,Studenica Marble (Studenički mermer),External,"Debljović Ristić, N., Šekularac, N., Mijović, D., & Ivanović Šekularac, J. (2019). Studenica Marble: Significance, Use, Conservation. Sustainability, 11(14), 3916. https://doi.org/10.3390/su11143916",,,,,,,,,,White / Light Grey,Internal (DS/OUV),,,,,,,,Quarries located in the immediate protected surrounding zone near the monastery (along the Studenica/Radočelo mountain area),Internal (DS/OUV),,Serbia,Internal (DS/OUV),,Local,Internal (DS/OUV),,Short / Local transport (within a few kilometers of the complex),Internal (DS/OUV),,"Load-bearing exterior walls, portals, window openings (biforas/triforas), and structural masonry of the Church of the Virgin",Internal (DS/OUV),,"Sculpted relief portals, decorative capitals, cornices, and window frames",Internal (DS/OUV),,Ashlar masonry (polished white marble blocks precisely cut and fitted in Romanesque style),Internal (DS/OUV),,"Environmental pressure, surface weathering, and water accumulation/moisture near the monastery walls",Internal (DS/OUV),,Matching local marble used during conservation projects following historical research,Internal (DS/OUV),,Ongoing conservation and archaeological investigations; major restoration in the exonarthex of the Church of the Virgin using traditional materials and techniques,Internal (DS/OUV),,Good,Internal (DS/OUV),,Yes,"1. ICOMOS Advisory Body Evaluation (1986)
2. Debljović Ristić et al. (2019) Studenica Marble: Significance, Use, Conservation, Sustainability
3. Petrović et al. (2025) Geotourism Based on Geoheritage as a Basis for Sustainable Development of Golija Nature Park, Land 1 ",,,Tier 9: Unflagged,
171,Fort and Shalamar Gardens in Lahore,Pakistan,Fortified Palace & Water Garden Enclosure Complex; nan,Internal (DS/OUV),,16th – 17th Century (Akbar 1542–1605 through Shah Jahan 1627–1658; Shalamar Gardens completed 1641–1642),Internal (DS/OUV),,Mughal Empire,Internal (DS/OUV),,,Internal (DS/OUV),,"Red Sandstone, White Marble",White Marble,Marble,Metamorphic,Internal (DS/OUV),,,,"Semi-precious stones (pietra dura / inlay), Glass mosaics, Gilt",Internal (DS/OUV),,,,,,,,,,,,,,"Red/Terracotta (Sandstone); Pure White, Milky White, Grey/Pink Streaked (Marble)",Internal (DS/OUV),,,,,,,,,,,,,,,,,,,,"Baked brick masonry core with red sandstone courses, enclosing walls, gateways, bastions, and supporting pillars/pavilions",Internal (DS/OUV),,"Luxurious marble palaces, screens, inlay of semi-precious stones (pietra dura), glass mosaics (Shish Mahal), gilt, and zoomorphic corbels",Internal (DS/OUV),,"Ashlar stone cladding over baked brick, carved stone lattice (jaali) screens, corbelled brackets, and stone inlay/pietra dura",Internal (DS/OUV),,"Deterioration of hydraulic systems, moisture-induced micro-cracking, thermo-hygric expansion/bowing in marble, atmospheric pollution decay",Internal (DS/OUV),,Traditional lime mortar and matching red sandstone/marble matching historical composition during controlled restoration,Internal (DS/OUV),,Traditional lime mortar and matching red sandstone/marble matching historical composition during controlled restoration,Internal (DS/OUV),,Moderate,,,Yes,"1. Makrana Marble: A Popular Heritage Stone Resource
2. The Art of Pietra-dura during the 17th Century Mughal Era
3. Conservation Challenges and Emerging Trends in Pakistan",,,Tier 9: Unflagged,
537,"Monasteries of Daphni, Hosios Loukas and Nea Moni of Chios",Greece,"Middle Byzantine religious architecture (cross-in-square plan with octagonal central space under a dome, squinches, Katholikon); nan",Internal (DS/OUV),,Middle Byzantine period (11th and 12th centuries),Internal (DS/OUV),,Byzantine / Middle Byzantine,Internal (DS/OUV),,,Internal (DS/OUV),,Marble,Marble,Marble,Metamorphic,Internal (DS/OUV),,,,Stone (courses of stone enclosed by bricks),Internal (DS/OUV),,,,,,,,,,,,,,,,,,,,,,,,,,,,,,,,,,,Masonry walls (courses of stone enclosed by bricks),Internal (DS/OUV),,"Marble works, marble revetment, pavements, architectural sculptures",Internal (DS/OUV),,Cloisonné / courses of stone enclosed by bricks,Internal (DS/OUV),,,,,,,,"Restoration of masonry, dome, and marble revetments/mosaics following earthquake damage (1881 earthquake at Nea Moni, 1999 earthquake at Daphni); early 20th-century Byzantinist interventions at Hosios Loukas",Internal (DS/OUV),,Good,,,Yes,,,,Tier 9: Unflagged,
987,Roman Walls of Lugo,Spain,Roman military fortification / Late imperial defensive walls; nan,Internal (DS/OUV),,3rd and 4th centuries AD (later part of the 3rd century),Internal (DS/OUV),,Western Roman Empire / Roman,Internal (DS/OUV),,,Internal (DS/OUV),,"Slate, Granite",Slate,Slate,Metamorphic,Internal (DS/OUV),,Internal (DS/OUV),,Conglomerate (slate slabs & worked stone pieces from Roman buildings),Internal (DS/OUV),,,,,,,,,,,,,,,,,,,,,,,,,,,,,"Local materials (""use of local materials such as slate, granite..."")",Internal (DS/OUV),,,,,Internal and external facings (slate with some granite); core filling (conglomerate of slate slabs and worked stone pieces),Internal (DS/OUV),,,,,Interlocked with lime mortar; core filling of conglomerate of slate slabs and worked stone pieces re-used from Roman buildings,Internal (DS/OUV),,Minor pressures from relative humidity and water (noted as under control),Internal (DS/OUV),,Re-used worked stone pieces from earlier Roman buildings,Internal (DS/OUV),,"Renovation, rehabilitation, and maintenance interventions carried out under the ""Advance Integral Plan for the Conservation and Restoration of the Walls of Lugo""",Internal (DS/OUV),,Excellent,,,Yes,,,,Tier 9: Unflagged,
540,Historic Centre of Saint Petersburg and Related Groups of Monuments,Russian Federation,"Baroque, Pure Neoclassical, Architectural; nan",Internal (DS/OUV),,18th Century (Begun in 1703 under Peter the Great; continuous major development through the 18th and 19th centuries),Internal (DS/OUV),,Russian / Russian-European,Internal (DS/OUV),,,Internal (DS/OUV),,Marble,Marble,Marble,Metamorphic,Internal (DS/OUV),,Internal (DS/OUV),,Peat (Mentioned in geological/terrain context as peat bogs),,,,,,"Marble, Peat",Internal (DS/OUV),,,,,,,,,,,,,,,,,,,,,,,,,,,,,"Architectural styles in stone and marble for capital structures, fortresses, bases, palaces",Internal (DS/OUV),,"Palaces (Winter Palace, Marble Palace), convents, imperial residences, monuments",Internal (DS/OUV),,Built using authentic techniques and historical restoration materials,Internal (DS/OUV),,"Impacts of traffic, air pollution, and relative humidity",Internal (DS/OUV),,,,,High quality of restoration and reconstruction efforts accomplished on the basis of historical documents using authentic techniques and materials,Internal (DS/OUV),,Excellent,,,Yes,,,,Tier 9: Unflagged,
885,Historic Centre of Shakhrisyabz,Uzbekistan,Secular / Medieval / Temurid Architectural Ensemble; nan,Internal (DS/OUV),,14th–16th Century (Apogee under Amir Temur & Temurids); Ak-Sarai Palace construction began 1380,Internal (DS/OUV),,Temurid Empire / Central Asian & Islamic,Internal (DS/OUV),,,Internal (DS/OUV),,"Marble, White Marble",Marble,Marble,Metamorphic,,,,,,,,,,,Marble,,,,,,,,,White,,,,,,,,,,,,,,,,,,,,,"Gate foundations, Mausoleum/Tomb structures, City Walls, Cupola",Internal (DS/OUV),,"Façade facing (white marble), rich palace decoration",Internal (DS/OUV),,Traditional materials and techniques,Internal (DS/OUV),,Inroads of time; rising ground water level affecting physical integrity,,,,,,Care taken to ensure use of traditional materials and techniques,,,Good,,,Yes,,,,Tier 9: Unflagged,
885,Historic Centre of Shakhrisyabz,Uzbekistan,Secular / Medieval / Temurid Architectural Ensemble; nan,Internal (DS/OUV),,14th–16th Century (Apogee under Amir Temur & Temurids); Ak-Sarai Palace construction began 1380,Internal (DS/OUV),,Temurid Empire / Central Asian & Islamic,Internal (DS/OUV),,,Internal (DS/OUV),,"Marble, White Marble",White Marble,Marble,Metamorphic,,,,,,,,,,,Marble,,,,,,,,,White,,,,,,,,,,,,,,,,,,,,,"Gate foundations, Mausoleum/Tomb structures, City Walls, Cupola",Internal (DS/OUV),,"Façade facing (white marble), rich palace decoration",Internal (DS/OUV),,Traditional materials and techniques,Internal (DS/OUV),,Inroads of time; rising ground water level affecting physical integrity,,,,,,Care taken to ensure use of traditional materials and techniques,,,Good,,,Yes,,,,Tier 9: Unflagged,
90,Abu Mena,Egypt,"Monastery, Pilgrimage Centre, Ecclesiastical Complex (Churches, Baptistery, Basilicas, Hostels/Rest Houses, Public Baths, Workshops); nan",Internal (DS/OUV),,4th to 7th centuries AD (A.D. 296 – 7th Century AD),Internal (DS/OUV),,Early Christian / Coptic,Internal (DS/OUV),,,Internal (DS/OUV),,"Limestone, Marble",Marble,Marble,Metamorphic,Internal (DS/OUV),,,,,,,,,,,,,,,,,,,,,,,,,,,,,,,,,,,,,,,,Ashlar masonry for main buildings / wall construction,Internal (DS/OUV),,"Columns (made of Marble), Mosaics, fine lime plaster",Internal (DS/OUV),,Ashlar masonry set in lime mortar; Mud bricks covered with fine lime plaster for simpler buildings,Internal (DS/OUV),,"Risks from heavy rains, winds, humidity, fires, and rising underground water related to agricultural irrigation",Internal (DS/OUV),,,,,Ongoing periodic maintenance and active dewatering project to lower underground water table,Internal (DS/OUV),,Moderate,Internal (DS/OUV),,Yes,,,,Tier 9: Unflagged,
1670,Sacred Ensembles of the Hoysalas,India,Temple / Temple complexes; nan,Internal (DS/OUV),,12th to 13th centuries (1117 CE onwards),Internal (DS/OUV),,Hoysala Dynasty / Kingdom,Internal (DS/OUV),,,Internal (DS/OUV),,Chloritic schist / Schist,Chloritic schist / Schist,Schist,Metamorphic,Internal (DS/OUV),,Internal (DS/OUV),,,,,Soapstone,Internal (DS/OUV),,Chloritic Schist,Internal (DS/OUV),,,,,,,,,,,,,,Chlorite (inferred from chloritic schist),Internal (DS/OUV),,,,,,,,,,,,,,"Stellate sanctum, circumambulatory platform, adhisthana, walls, temples",Internal (DS/OUV),,"Sculptural gallery, multi-tiered friezes, hyper-real sculptures, stone carvings, Sala legend sculptures",Internal (DS/OUV),,"Stellate plan, horizontal friezes, fine stone carving",Internal (DS/OUV),,,,,,,,"Past alterations noted (loss of superstructures, loss of enclosure walls)",Internal (DS/OUV),,Good,Internal (DS/OUV),,Yes,,,,Tier 9: Unflagged,
404,"Acropolis, Athens",Greece,"Classical Greek / Sanctuary & Monumental Complex (Parthenon, Erechtheion, Propylaea, Temple of Athena Nike); nan",Internal (DS/OUV),,5th Century BC (with earliest fortifications dating to 13th Century BC),Internal (DS/OUV),,Ancient Greek / Classical Athenian (Mycenaean origin),Internal (DS/OUV),,,Internal (DS/OUV),,White Marble,White Marble,Marble,Metamorphic,Internal (DS/OUV),,Internal (DS/OUV),,,,,,,,,,,,,,,,,White,Internal (DS/OUV),,,,,,,,Mt. Penteli (Pentelikon),Internal (DS/OUV),,Greece,Internal (DS/OUV),,Pentelic Marble / Penteli Marble,,,,,,"Temples, Propylaea, Fortification Walls, Foundations, Altars",Internal (DS/OUV),,Sculptural and Architectural elements,Internal (DS/OUV),,Ancient classical masonry/building techniques,Internal (DS/OUV),,Eroded architectural elements,Internal (DS/OUV),,White marble quarried from Mt. Penteli,Internal (DS/OUV),,Integrated intervention program ongoing since 1975 following the principles of the Venice Charter,Internal (DS/OUV),,Excellent,,,Yes,,,,Tier 9: Unflagged,
1131,Royal Exhibition Building and Carlton Gardens,Australia,"Byzantine, Romanesque, Lombardic and Italian Renaissance; nan",Internal (DS/OUV),,Designed for international exhibitions of 1880 and 1888 (constructed starting 1879),Internal (DS/OUV),,Victorian / Colonial Australia,Internal (DS/OUV),,,Internal (DS/OUV),,"Bluestone, Slate",Slate,Slate,Metamorphic,Internal (DS/OUV),,,,,,,"Bluestone,",,,,,,,,,,,,,,,,,,,,,,,,,,,,,,,,,"Plinth, base of iron railings, slate roof, timber floors, external joinery and stonework",Internal (DS/OUV),,"Internal paintings/murals, parapet ornamentation",Internal (DS/OUV),,"Brick and timber, steel and slate construction",Internal (DS/OUV),,,,,Concrete (replaced original timber staircases early in the 20th century),Internal (DS/OUV),,"Dome, structure, external joinery and stonework, timber floors, scroll/parterre gardens, and reinstatement of missing parapet ornamentation",Internal (DS/OUV),,Excellent,Internal (DS/OUV),,,,,,Tier 9: Unflagged,
586,Rohtas Fort,Pakistan,"Muslim Military Architecture (Fortress / Garrison complex with bastions, monumental gateways, inner citadel, stepped wells, mosque, and haveli); nan",Internal (DS/OUV),,16th Century (Commenced in 1541 by Sher Shah Suri; continuous use until 1707 and reoccupied into the 18th/19th centuries),Internal (DS/OUV),,Suri Dynasty / Mughal Empire (incorporating artistic and architectural traditions from Turkey and the Indian Subcontinent),Internal (DS/OUV),,,,,Marble and Sandstone (Rock/geological material is explicitly mentioned),Marble,Marble,Metamorphic,Internal (DS/OUV),,,,Sedimentary (Sandstone) & Metamorphic (Marble),,,,,,,,,,,,,,,,,,,,,,,,,,,,,,,,,,,,"Massive defensive fortification walls, 68 bastions, 12 monumental gateways, inner citadel walls, stepped wells (baolis), and buildings (Shahi Masjid, Haveli Man Singh)",Internal (DS/OUV),,"High- and low-relief carvings, calligraphic inscriptions in marble and sandstone",Internal (DS/OUV),,Ashlar/coursed stone masonry with plaster decoration and glazed tiles,Internal (DS/OUV),,"Fortification wall collapsed in places; threatened by rainwater flooding, choking of original drainage system, and encroachment",Internal (DS/OUV),,,,,Minimal and discreet restoration avoiding modern materials; ongoing management under the Rohtas Fort Conservation Programme (initiated 2000),Internal (DS/OUV),,Moderate,Internal (DS/OUV),,Yes,,,,Tier 9: Unflagged,
782,La Lonja de la Seda de Valencia,Spain,Flamboyant Gothic / Late Gothic; nan,Internal (DS/OUV),,1482–1533 (Built from 1483; 15th and 16th centuries),Internal (DS/OUV),,Iberian Peninsula / Valencia City,Internal (DS/OUV),,,Internal (DS/OUV),,Marble,Marble,Marble,Metamorphic,Internal (DS/OUV),,,,,,,Alcublas marble,Internal (DS/OUV),,,,,,,,,,,Different colours (in floor paving),Internal (DS/OUV),,,,,,,,Alcublas,Internal (DS/OUV),,Spain,Internal (DS/OUV),,Local / Regional,Internal (DS/OUV),,,,,"Twisted columns, helical pillars, cross vaults, walls, tower, all in freestone",Internal (DS/OUV),,"Paved floor (Alcublas marble), grotesque gargoyles, carved decoration, richly decorated sills and lintels, portrait medallions",Internal (DS/OUV),,Freestone ashlar / helical masonry,Internal (DS/OUV),,,,,,,,Stucco decoration added in 1832; repair of roofs in 1891–1920; raising of the tower with crenelations reproducing original style; recent meticulous restoration,Internal (DS/OUV),,Good,,,Yes,,,,Tier 9: Unflagged,
334,Sanctuary of Bom Jesus do Congonhas,Brazil,"Sanctuary, Basilica, Church, Chapels, Outdoor staircase; nan",Internal (DS/OUV),,Second half of the 18th century (Church completed in 1772),Internal (DS/OUV),,Portuguese America / Latin American Baroque (Brazil),Internal (DS/OUV),,,Internal (DS/OUV),,Soapstone (pedra sabão),Soapstone (pedra sabão),Talc,Metamorphic,Internal (DS/OUV),,,,,,,pedra sabão,Internal (DS/OUV),,,,,,,,,,,,,,,,,,,,,,,,,,,,,,,,,,,"Parapets of the divided staircase, statues of the 12 prophets, and general stonework",Internal (DS/OUV),,,,,,,,,,,Conservation and reclamation programs supported by IPHAN and the Monumenta Program,Internal (DS/OUV),,Good,,,Yes,,,,Tier 9: Unflagged,
367,"Roman Monuments, Cathedral of St Peter and Church of Our Lady in Trier",Germany,"Roman, Romanesque, Gothic, High Gothic, Renaissance, Baroque; nan",Internal (DS/OUV),,,Internal (DS/OUV),,Roman / Western Roman Empire / German Christian Medieval,Internal (DS/OUV),,,,,Marble,Marble,Marble,Metamorphic,Internal (DS/OUV),,Internal (DS/OUV),,,Internal (DS/OUV),,,,,,,,,,,,,,,,,,,,,,,,,,,,,,,,,,,"Fortified gate, city walls, basilicas, thermae/baths, bridge, column, cathedral, church structures",Internal (DS/OUV),,"Baroque marble altars, archbishops' tombs, painted ceiling",Internal (DS/OUV),,"Large stone construction (Porta Nigra), brick monumental structures (Basilica)",Internal (DS/OUV),,,,,,,,Reconstructed/restored in the 19th century; WW2 damage restored between 1946–1949 (Church of Our Lady) and 1954–1956 (Basilica),Internal (DS/OUV),,Good,,,Yes,,,,Tier 9: Unflagged,
255,Fatehpur Sikri,India,"Mughal Architecture / Indo-Islamic Style (Palaces, Public Buildings, Mosques, Living Areas, Fortifications); nan",Internal (DS/OUV),,1571–1573 (City construction); Mosque completed in 1571–72; Tomb completed in 1580–81 / 1606; Buland Darwaza completed in 1575,Internal (DS/OUV),,Mughal Empire,Internal (DS/OUV),,"(ii) to exhibit an important interchange of human values, over a span of time or within a cultural area of the world, on developments in architecture or technology, monumental arts, town-planning or landscape design; | (iii) to bear a unique or at least exceptional testimony to a cultural tradition or to a civilization which is living or which has disappeared; | (iv) to be an outstanding example of a type of building, architectural or technological ensemble or landscape which illustrates (a) significant stage(s) in human history;",Internal (DS/OUV),,"Red Sandstone (Major), Marble (Secondary/Minor)",Marble (Secondary/Minor),Marble,Metamorphic,Internal (DS/OUV),,Internal (DS/OUV),,Marble,Internal (DS/OUV),,,,,,,,Vindhyan (Stratigraphic Group mentioned for hill ranges),Internal (DS/OUV),,,,,"Red (Sandstone), White (implied Marble)",Internal (DS/OUV),,"Perforated (Stone screens), Carved",Internal (DS/OUV),,,,,Outcrops of the Vindhyan hill ranges (Mining within 10-km radius banned),Internal (DS/OUV),,India,Internal (DS/OUV),,Local (Extracted from nearby Vindhyan outcrops),Internal (DS/OUV),,Local / Immediate vicinity (within 10-km radius),,,"Wall, Porticos, Pillars, Roofs, Gate (Buland Darwaza), Towers (Hiran Minar), Fortification",Internal (DS/OUV),,"Perforated stone screens, Sculpted decoration, Richly carved interior pillars, Azure-blue ribbed roof",Internal (DS/OUV),,"Perforated stone screens, Sculpted decoration, Richly carved interior pillars, Azure-blue ribbed roof",Internal (DS/OUV),,,,,,,,"Repairs, chemical preservation, and restoration carried out on Buland Darwaza, Jama Masjid, Shaikh Salim Chisti's Tomb, Khwabgah, Mariam's house, Jodha Bai Palace, Diwan-i-Am, etc.",Internal (DS/OUV),,Good,,,Yes,,,,Tier 9: Unflagged,
124,Historic Town of Ouro Preto,Brazil,"Baroque, Colonial, Vernacular, Traditional; nan",Internal (DS/OUV),,18th Century / 19th Century (founded late 17th century),Internal (DS/OUV),,Portuguese Colonial,Internal (DS/OUV),,(i) to represent a masterpiece of human creative genius; | (iii) to bear a unique or at least exceptional testimony to a cultural tradition or to a civilization which is living or which has disappeared;,Internal (DS/OUV),,"Gneiss, Soapstone",Gneiss,Gneiss,Metamorphic,Internal (DS/OUV),,Internal (DS/OUV),,,,,,,,,,,,,,,,,,,,,,,,,,,,,Brazil,Internal (DS/OUV),,Local (Minas Gerais region),Internal (DS/OUV),,,,,"Bridges, Fountains, Public Buildings, Residences, Churches",Internal (DS/OUV),,"Stone Sculptures on Facades, Decorative Treatment",Internal (DS/OUV),,Combined use of two materials (gneiss and soapstone),Internal (DS/OUV),,,,,,,,Conservation and restoration investments,Internal (DS/OUV),,Moderate,,,Yes,,,,Tier 9: Unflagged,
124,Historic Town of Ouro Preto,Brazil,"Baroque, Colonial, Vernacular, Traditional; nan",Internal (DS/OUV),,18th Century / 19th Century (founded late 17th century),Internal (DS/OUV),,Portuguese Colonial,Internal (DS/OUV),,(i) to represent a masterpiece of human creative genius; | (iii) to bear a unique or at least exceptional testimony to a cultural tradition or to a civilization which is living or which has disappeared;,Internal (DS/OUV),,"Gneiss, Soapstone",Soapstone,Talc,Metamorphic,Internal (DS/OUV),,Internal (DS/OUV),,,,,,,,,,,,,,,,,,,,,,,,,,,,,Brazil,Internal (DS/OUV),,Local (Minas Gerais region),Internal (DS/OUV),,,,,"Bridges, Fountains, Public Buildings, Residences, Churches",Internal (DS/OUV),,"Stone Sculptures on Facades, Decorative Treatment",Internal (DS/OUV),,Combined use of two materials (gneiss and soapstone),Internal (DS/OUV),,,,,,,,Conservation and restoration investments,Internal (DS/OUV),,Moderate,,,Yes,,,,Tier 9: Unflagged,
1599,Krzemionki Prehistoric Striped Flint Mining Region,Poland,"Monastery, Pilgrimage Centre, Ecclesiastical Complex (Churches, Baptistery, Basilicas, Hostels/Rest Houses, Public Baths, Workshops); nan",Internal (DS/OUV),,4th to 7th centuries AD (A.D. 296 – 7th Century AD),Internal (DS/OUV),,Early Christian / Coptic,Internal (DS/OUV),,"(iii) to bear a unique or at least exceptional testimony to a cultural tradition or to a civilization which is living or which has disappeared; | (iv) to be an outstanding example of a type of building, architectural or technological ensemble or landscape which illustrates (a) significant stage(s) in human history;",Internal (DS/OUV),,"Limestone, Marble",Marble,Marble,Metamorphic,Internal (DS/OUV),,Internal (DS/OUV),,,,,,,,"Limestone, Marble",Internal (DS/OUV),,,,,,,,,,,,,,,,,,,,,,,,,,,,,Ashlar masonry for main buildings / wall construction,Internal (DS/OUV),,"Columns (made of Marble), Mosaics, fine lime plaster",Internal (DS/OUV),,Ashlar masonry set in lime mortar; Mud bricks covered with fine lime plaster for simpler buildings,Internal (DS/OUV),,"Risks from heavy rains, winds, humidity, fires, and rising underground water related to agricultural irrigation",Internal (DS/OUV),,,,,Ongoing periodic maintenance and active dewatering project to lower underground water table,Internal (DS/OUV),,Moderate,,,Yes,,,,Tier 9: Unflagged,
795,Maritime Greenwich,United Kingdom of Great Britain and Northern Ireland,"Ensemble of Baroque, Palladian, and Classical buildings, including a Royal Palace, Naval College, Chapel, Observatory, and Royal Park.; nan",Internal (DS/OUV),,"17th and 18th centuries (e.g., St Alphege’s church rebuilt 1712–14; Royal Observatory founded 1675).",Internal (DS/OUV),,British / European (Royal Kingdom of Great Britain).,Internal (DS/OUV),,"(i) to represent a masterpiece of human creative genius; | (ii) to exhibit an important interchange of human values, over a span of time or within a cultural area of the world, on developments in architecture or technology, monumental arts, town-planning or landscape design; | (iv) to be an outstanding example of a type of building, architectural or technological ensemble or landscape which illustrates (a) significant stage(s) in human history; | (vi) to be directly or tangibly associated with events or living traditions, with ideas, or with beliefs, with artistic and literary works of outstanding universal significance;",Internal (DS/OUV),,Slate,Slate,Slate,Metamorphic,Internal (DS/OUV),,Internal (DS/OUV),,,,,,,,,,,,,,,,,,,,,,,,,,,,,,,,,,,,,,Roofing material (slate roofs on town terraces).,Internal (DS/OUV),,Stucco finishes (stuccoed terraces).,Internal (DS/OUV),,Stuccoed masonry and slated roofing.,Internal (DS/OUV),,,,,,,,"Ongoing detailed landscape maintenance, urban pattern restoration, and coordinated building conservation plans.",,,Good,,,Yes,,,,Tier 9: Unflagged,
1211,Genoa: <i>Le Strade Nuove</i> and the system of the<i> Palazzi dei Rolli</i>,Italy,Renaissance and Baroque palaces; nan,Internal (DS/OUV),,Late 16th and early 17th centuries (Siglo de los Genoveses: 1563–1640),Internal (DS/OUV),,Republic of Genoa / Genoese,Internal (DS/OUV),,"(ii) to exhibit an important interchange of human values, over a span of time or within a cultural area of the world, on developments in architecture or technology, monumental arts, town-planning or landscape design; | (iv) to be an outstanding example of a type of building, architectural or technological ensemble or landscape which illustrates (a) significant stage(s) in human history;",Internal (DS/OUV),,Marble,Marble,Marble,Metamorphic,Internal (DS/OUV),,Internal (DS/OUV),,,,,,,,,,,,,,,,,,,,,,,,,,,,,,,,,,,,,,Pillars,Internal (DS/OUV),,"Marble terraces, Stuccos, Frescoes",Internal (DS/OUV),,,,,,,,,,,Façades and interiors restored; damaged upper story of one palace rebuilt post-war,Internal (DS/OUV),,Good,Internal (DS/OUV),,Yes,,,,Tier 9: Unflagged,
183,Archaeological Site of Leptis Magna,Libya,"Architectural, Building, Monument, Monumental, Neo-Classical, Structure; nan",Internal (DS/OUV),,Phoenicians (7th century BCE); Roman Empire expansion; Severan emperors (3rd century CE),Internal (DS/OUV),,"Phoenician, Punic, Roman, Greek, Hellenistic",Internal (DS/OUV),,"(i) to represent a masterpiece of human creative genius; | (ii) to exhibit an important interchange of human values, over a span of time or within a cultural area of the world, on developments in architecture or technology, monumental arts, town-planning or landscape design; | (iii) to bear a unique or at least exceptional testimony to a cultural tradition or to a civilization which is living or which has disappeared;",Internal (DS/OUV),,Marble,Marble,Marble,Metamorphic,Internal (DS/OUV),,,,,,,,,,Marble,Internal (DS/OUV),,,,,,,,,,,,,,,,,,,,,,,Imported / Aegean influence (* Aegean craftsmanship noted on marble decorations *),Internal (DS/OUV),,,,,"Amphitheatre, Arch, Basilica, Bath, Capital, Gate, Pillar, Temple, Theatre",Internal (DS/OUV),,Marble decorations on pillars in the Severan Basilica and on the Arch of Severus,Internal (DS/OUV),,,,,Covered by wind-blown sand from interior (protected for 800 years); vegetal encroachment (needs monitoring),Internal (DS/OUV),,,,,"Consolidation, restoration, maintenance, and minor reconstruction carried out in the first half of the 20th century",Internal (DS/OUV),,Excellent,Internal (DS/OUV),,Yes,,,,Tier 9: Unflagged,
194,Timgad,Algeria,"Roman town planning / Roman military colony / Defensive system, public conveniences, spectacles, religious complex; nan",Internal (DS/OUV),,Founded 100 A.D. (Trajan period); expansions in Severan period; modifications in Byzantine period (539 A.D.),Internal (DS/OUV),,Roman / Byzantine,Internal (DS/OUV),,"(ii) to exhibit an important interchange of human values, over a span of time or within a cultural area of the world, on developments in architecture or technology, monumental arts, town-planning or landscape design; | (iii) to bear a unique or at least exceptional testimony to a cultural tradition or to a civilization which is living or which has disappeared; | (iv) to be an outstanding example of a type of building, architectural or technological ensemble or landscape which illustrates (a) significant stage(s) in human history;",Internal (DS/OUV),,"Limestone, Marble",Marble,Marble,Metamorphic,Internal (DS/OUV),,Internal (DS/OUV),,,,,Local (Inferred for limestone); Precious marbles absent (mosaics used to offset absence),Internal (DS/OUV),,,,,,,,,,,,,,,,,,,,,,,,,,,,,,,,Entire buildings constructed of stone; streets paved with large rectangular limestone slabs; reused blocks in Byzantine fortress,Internal (DS/OUV),,Sumptuous mosaics (offsetting absence of precious marbles),Internal (DS/OUV),,Orthogonal block / Ashlar / Reused Roman blocks in later Byzantine fortification,Internal (DS/OUV),,"Fragile structures affected by climbing, trampling, graffiti, and vehicle pressure during annual cultural festivals",Internal (DS/OUV),,,,,Reused blocks removed from Roman monuments for Byzantine fortress (539 AD); restoration along with ongoing excavations (1881–1960),Internal (DS/OUV),,Excellent,Internal (DS/OUV),,Yes,,,,Tier 9: Unflagged,
933,The Loire Valley between Sully-sur-Loire and Chalonnes,France,"Châteaux, Benedictine abbeys, medieval fortresses, country houses, troglodyte dwellings, bridges, dyke systems, ogival and Romanesque churches; nan",Internal (DS/OUV),,"Gallo-Roman times to 19th century (specifically Middle Ages, Renaissance, 15th–16th centuries)",Internal (DS/OUV),,"Gallo-Roman, Medieval French, Renaissance Western European",Internal (DS/OUV),,"(i) to represent a masterpiece of human creative genius; | (ii) to exhibit an important interchange of human values, over a span of time or within a cultural area of the world, on developments in architecture or technology, monumental arts, town-planning or landscape design; | (iv) to be an outstanding example of a type of building, architectural or technological ensemble or landscape which illustrates (a) significant stage(s) in human history;",Internal (DS/OUV),,Tufa and Slate,Slate,Slate,Metamorphic,Internal (DS/OUV),,,,,,,Tufa (Tuffeau),Internal (DS/OUV),,,,,,,,,,,,,,,,,,,,Troglodyte sites (extracted local troglodyte cavities/quarries),Internal (DS/OUV),,France,Internal (DS/OUV),,Local,,,,,,"Building walls of châteaux, fortresses, abbeys, urban dwellings, ports, dyke systems",Internal (DS/OUV),,Architectural embellishments and Renaissance country house features,Internal (DS/OUV),,"Stonework (dykes/ports), troglodyte excavation, dressed stone masonry",Internal (DS/OUV),,,,,,,,"Regular maintenance, ongoing conservation works under Heritage Code",Internal (DS/OUV),,Excellent,,,Yes,,,,Tier 9: Unflagged,
530,Delos,Greece,"Architectural, Architecture, Building, Byzantine, Construction, Monument, Monumental, Ottoman, Plan; nan",Internal (DS/OUV),,3rd millennium B.C. to Palaeo-Christian era (Hellenistic & Greco-Roman period peak),Internal (DS/OUV),,"Cycladic, Archaic, Classical, Hellenistic, Greco-Roman, Byzantine, Ottoman",Internal (DS/OUV),,"(ii) to exhibit an important interchange of human values, over a span of time or within a cultural area of the world, on developments in architecture or technology, monumental arts, town-planning or landscape design; | (iii) to bear a unique or at least exceptional testimony to a cultural tradition or to a civilization which is living or which has disappeared; | (iv) to be an outstanding example of a type of building, architectural or technological ensemble or landscape which illustrates (a) significant stage(s) in human history; | (vi) to be directly or tangibly associated with events or living traditions, with ideas, or with beliefs, with artistic and literary works of outstanding universal significance;",Internal (DS/OUV),,Marble,Marble,Marble,Metamorphic,Internal (DS/OUV),,,,,,,,,,,,,,,,,,,,,,,,,,,,Naxian (Inferred from Naxian Lions made of local/regional marble),Internal (DS/OUV),,,,,"Local & Regional (e.g., Naxos/Cycladic islands)",Internal (DS/OUV),,,,,"Columns, Temple Structures, Houses, Public Buildings, Refectory, Sanctuary",Internal (DS/OUV),,"Sculptures (e.g., Naxian Lions), Frescoes, Mosaic Floors",Internal (DS/OUV),,"Ruins/Dry Masonry, Lime Burning (historical destruction)",Internal (DS/OUV),,Damage by strong north winds and high salinity/sea proximity,Internal (DS/OUV),,"Exact replicas used for fragile sculptures (e.g., Naxian Lions moved indoors)",Internal (DS/OUV),,"Discrete, compatible, and reversible methods following international standards",Internal (DS/OUV),,Good,,,Yes,,,,Tier 9: Unflagged,
836,Archaeological Site of Volubilis,Morocco,"Fortified municipium, urban hypodamian system, terraced plan; nan",Internal (DS/OUV),,3rd century B.C. to Islamic period (10 centuries of occupation); Rampart built in 168–169 AD,Internal (DS/OUV),,"Libyco-Berber, Mauritanian, Roman, Christian, Arab-Islamic (Idrisid)",Internal (DS/OUV),,"(ii) to exhibit an important interchange of human values, over a span of time or within a cultural area of the world, on developments in architecture or technology, monumental arts, town-planning or landscape design; | (iii) to bear a unique or at least exceptional testimony to a cultural tradition or to a civilization which is living or which has disappeared; | (iv) to be an outstanding example of a type of building, architectural or technological ensemble or landscape which illustrates (a) significant stage(s) in human history; | (vi) to be directly or tangibly associated with events or living traditions, with ideas, or with beliefs, with artistic and literary works of outstanding universal significance;",Internal (DS/OUV),,Marble,Marble,Marble,Metamorphic,Internal (DS/OUV),,,,,,,,,,,,,,,,,,,,,,,,,,,,,,,,,,,,,,,,"Ramparts, buildings, triumphal arch, tombs",Internal (DS/OUV),,"Statuary (marble and bronze), mosaics, capitals",Internal (DS/OUV),,,,,Damage by north wind (fragile marble sculptures affected),Internal (DS/OUV),,Damage by north wind (fragile marble sculptures affected),Internal (DS/OUV),,Long-term conservation and restoration programmes under Ministry of Culture Action Plan,Internal (DS/OUV),,Excellent,Internal (DS/OUV),,Yes,,,,Tier 9: Unflagged,
664,Archaeological Ensemble of Mérida,Spain,"Classical, Roman, Visigoth, Paleo-Christian, Muslim, Romanesque, Gothic, Baroque; nan",Internal (DS/OUV),,"Founded 25 B.C.; modified across Visigoth, Muslim, Medieval, 17th Century, and 20th Century eras",Internal (DS/OUV),,"Roman, Suebi, Visigoth, Muslim (Al-Andalus)",Internal (DS/OUV),,"(i) to represent a masterpiece of human creative genius; | (iii) to bear a unique or at least exceptional testimony to a cultural tradition or to a civilization which is living or which has disappeared; | (v) to be an outstanding example of a traditional human settlement, land-use, or sea-use which is representative of a culture (or cultures), or human interaction with the environment especially when it has become vulnerable under the impact of irreversible change;",Internal (DS/OUV),,Marble,Marble,Marble,Metamorphic,Internal (DS/OUV),,Internal (DS/OUV),,,,,Roman Marble,,,,,,,,,,,,,,,,,,,,,,,,,,,,,,,,,"Bridges, aqueducts, amphitheatre, theatre, temples, fortress, arch, dams, sewers, walls",Internal (DS/OUV),,"Obelisk of Santa Eulalia, small temple, altars",Internal (DS/OUV),,"Anastylosis (reconstruction of stage front), consolidation",Internal (DS/OUV),,,,,,,,Anastylosis criteria used for theatre stage front; consolidation works performed; block stands and vaults of Amphitheatre restored,Internal (DS/OUV),,Excellent,,,Yes,,,,Tier 9: Unflagged,
1066,Upper Middle Rhine Valley,Germany,"Building, Monument, Plan, Structure, Traditional; Castle, Fort, Fortress, Gate, Terrace; nan",Internal (DS/OUV),,"Over 2,000 years (fortresses/castles erected over ~1,000 years)",Internal (DS/OUV),,Western European / Roman & Medieval Germanic settlements,Internal (DS/OUV),,"(ii) to exhibit an important interchange of human values, over a span of time or within a cultural area of the world, on developments in architecture or technology, monumental arts, town-planning or landscape design; | (iv) to be an outstanding example of a type of building, architectural or technological ensemble or landscape which illustrates (a) significant stage(s) in human history; | (v) to be an outstanding example of a traditional human settlement, land-use, or sea-use which is representative of a culture (or cultures), or human interaction with the environment especially when it has become vulnerable under the impact of irreversible change;",Internal (DS/OUV),,"Slate, Sandstone",Slate,Slate,Metamorphic,Internal (DS/OUV),,Internal (DS/OUV),,Clay-slates,Internal (DS/OUV),,,,,"Clay-slates, hard sandstone, slate",Internal (DS/OUV),,,,,Rhenish Slate Mountains,Internal (DS/OUV),,,,,,,,,,,,,,,,,Local (River cut through regional Rhenish Slate formations),Internal (DS/OUV),,,,,"Castles, fortresses, town walls, vineyard terracing, building construction",Internal (DS/OUV),,,,,"Terracing, hillside fortification masonry",Internal (DS/OUV),,,,,,,,19th-century Romantic movement restorations/reconstructions,Internal (DS/OUV),,Good,,,No,,,,Tier 9: Unflagged,
1633,The Slate Landscape of Northwest Wales,United Kingdom of Great Britain and Northern Ireland,"Architectural, Vernacular, Industrial, Traditional, Monumental, Georgian; nan",Internal (DS/OUV),,Industrial Revolution (1780–1914) / 1780 to 1940,Internal (DS/OUV),,Industrial Revolution British / Welsh,Internal (DS/OUV),,"(ii) to exhibit an important interchange of human values, over a span of time or within a cultural area of the world, on developments in architecture or technology, monumental arts, town-planning or landscape design; | (iv) to be an outstanding example of a type of building, architectural or technological ensemble or landscape which illustrates (a) significant stage(s) in human history;",Internal (DS/OUV),,"Roofing Slate, Slate, Slate Slabs",Roofing Slate,Slate,Metamorphic,Internal (DS/OUV),,,,,,,Welsh Slate,,,Slate,Internal (DS/OUV),,,,,Snowdonia / North Wales Slate Belt Formations,Internal (DS/OUV),,"Purple, Blue, Grey, Green",Internal (DS/OUV),,"Fine-grained, Foliated / Cleaved",Internal (DS/OUV),,"Quartz, Illite, Sericite, Chlorite",Internal (DS/OUV),,"Penrhyn Quarry, Dinorwig Quarry, Oakeley Quarry, Llechwedd Quarry, Ffestiniog Quarries (among six component areas)",Internal (DS/OUV),,United Kingdom of Great Britain and Northern Ireland,Internal (DS/OUV),,Local,Internal (DS/OUV),,"Local to regional transport via narrow-gauge railways to coastal export ports (e.g., Porthmadog, Port Penrhyn); transcontinental export worldwide.",Internal (DS/OUV),,"Roofing slates, architectural slabs, building walls, terraced housing, industrial buildings, chapels, schools, country houses",Internal (DS/OUV),,"Architectural slabs, interior fittings, hearths, gravestones",Internal (DS/OUV),,"Traditional drystone masonry, split slate block masonry, sawn slab construction",Internal (DS/OUV),,Highly durable and resistant to weathering; minor physical weathering on exposed tips/relict workings,Internal (DS/OUV),,Local Welsh Slate from remaining active quarries outside property boundaries,Internal (DS/OUV),,"Managed under statutory protections (Ancient Monuments Act 1979, Listed Buildings Act 1990) preserving relict industrial landscapes",Internal (DS/OUV),,Excellent,Internal (DS/OUV),,Yes,,,,Tier 9: Unflagged,
1633,The Slate Landscape of Northwest Wales,United Kingdom of Great Britain and Northern Ireland,"Architectural, Vernacular, Industrial, Traditional, Monumental, Georgian; nan",Internal (DS/OUV),,Industrial Revolution (1780–1914) / 1780 to 1940,Internal (DS/OUV),,Industrial Revolution British / Welsh,Internal (DS/OUV),,"(ii) to exhibit an important interchange of human values, over a span of time or within a cultural area of the world, on developments in architecture or technology, monumental arts, town-planning or landscape design; | (iv) to be an outstanding example of a type of building, architectural or technological ensemble or landscape which illustrates (a) significant stage(s) in human history;",Internal (DS/OUV),,"Roofing Slate, Slate, Slate Slabs",Slate,Slate,Metamorphic,Internal (DS/OUV),,,,,,,Welsh Slate,,,Slate,Internal (DS/OUV),,,,,Snowdonia / North Wales Slate Belt Formations,Internal (DS/OUV),,"Purple, Blue, Grey, Green",Internal (DS/OUV),,"Fine-grained, Foliated / Cleaved",Internal (DS/OUV),,"Quartz, Illite, Sericite, Chlorite",Internal (DS/OUV),,"Penrhyn Quarry, Dinorwig Quarry, Oakeley Quarry, Llechwedd Quarry, Ffestiniog Quarries (among six component areas)",Internal (DS/OUV),,United Kingdom of Great Britain and Northern Ireland,Internal (DS/OUV),,Local,Internal (DS/OUV),,"Local to regional transport via narrow-gauge railways to coastal export ports (e.g., Porthmadog, Port Penrhyn); transcontinental export worldwide.",Internal (DS/OUV),,"Roofing slates, architectural slabs, building walls, terraced housing, industrial buildings, chapels, schools, country houses",Internal (DS/OUV),,"Architectural slabs, interior fittings, hearths, gravestones",Internal (DS/OUV),,"Traditional drystone masonry, split slate block masonry, sawn slab construction",Internal (DS/OUV),,Highly durable and resistant to weathering; minor physical weathering on exposed tips/relict workings,Internal (DS/OUV),,Local Welsh Slate from remaining active quarries outside property boundaries,Internal (DS/OUV),,"Managed under statutory protections (Ancient Monuments Act 1979, Listed Buildings Act 1990) preserving relict industrial landscapes",Internal (DS/OUV),,Excellent,Internal (DS/OUV),,Yes,,,,Tier 9: Unflagged,
1633,The Slate Landscape of Northwest Wales,United Kingdom of Great Britain and Northern Ireland,"Architectural, Vernacular, Industrial, Traditional, Monumental, Georgian; nan",Internal (DS/OUV),,Industrial Revolution (1780–1914) / 1780 to 1940,Internal (DS/OUV),,Industrial Revolution British / Welsh,Internal (DS/OUV),,"(ii) to exhibit an important interchange of human values, over a span of time or within a cultural area of the world, on developments in architecture or technology, monumental arts, town-planning or landscape design; | (iv) to be an outstanding example of a type of building, architectural or technological ensemble or landscape which illustrates (a) significant stage(s) in human history;",Internal (DS/OUV),,"Roofing Slate, Slate, Slate Slabs",Slate Slabs,Slate,Metamorphic,Internal (DS/OUV),,,,,,,Welsh Slate,,,Slate,Internal (DS/OUV),,,,,Snowdonia / North Wales Slate Belt Formations,Internal (DS/OUV),,"Purple, Blue, Grey, Green",Internal (DS/OUV),,"Fine-grained, Foliated / Cleaved",Internal (DS/OUV),,"Quartz, Illite, Sericite, Chlorite",Internal (DS/OUV),,"Penrhyn Quarry, Dinorwig Quarry, Oakeley Quarry, Llechwedd Quarry, Ffestiniog Quarries (among six component areas)",Internal (DS/OUV),,United Kingdom of Great Britain and Northern Ireland,Internal (DS/OUV),,Local,Internal (DS/OUV),,"Local to regional transport via narrow-gauge railways to coastal export ports (e.g., Porthmadog, Port Penrhyn); transcontinental export worldwide.",Internal (DS/OUV),,"Roofing slates, architectural slabs, building walls, terraced housing, industrial buildings, chapels, schools, country houses",Internal (DS/OUV),,"Architectural slabs, interior fittings, hearths, gravestones",Internal (DS/OUV),,"Traditional drystone masonry, split slate block masonry, sawn slab construction",Internal (DS/OUV),,Highly durable and resistant to weathering; minor physical weathering on exposed tips/relict workings,Internal (DS/OUV),,Local Welsh Slate from remaining active quarries outside property boundaries,Internal (DS/OUV),,"Managed under statutory protections (Ancient Monuments Act 1979, Listed Buildings Act 1990) preserving relict industrial landscapes",Internal (DS/OUV),,Excellent,Internal (DS/OUV),,Yes,,,,Tier 9: Unflagged,
875,Archaeological Ensemble of Tarraco,Spain,Roman / Romanesque; nan,Internal (DS/OUV),,Republican period (3rd century BCE) to Early Christian Era,Internal (DS/OUV),,Roman,Internal (DS/OUV),,"(ii) to exhibit an important interchange of human values, over a span of time or within a cultural area of the world, on developments in architecture or technology, monumental arts, town-planning or landscape design; | (iii) to bear a unique or at least exceptional testimony to a cultural tradition or to a civilization which is living or which has disappeared;",Internal (DS/OUV),,Marble,Marble,Marble,Metamorphic,Internal (DS/OUV),,,,,,,,,,,,,,,,,,,,,,,,,,,,Mèdol quarry,Internal (DS/OUV),,spain,Internal (DS/OUV),,Both (Local quarry mentioned alongside imported marbles/materials from Rome),Internal (DS/OUV),,,,,"Building blocks, defensive walls, terraces, foundations",Internal (DS/OUV),,"Sculptural and architectural decoration, marbles",Internal (DS/OUV),,,,,,Internal (DS/OUV),,,,,,,,Good,,,Yes,,,,Tier 9: Unflagged,
398,Castel del Monte,Italy,"Medieval military architecture (a blend of classical antiquity, Islamic Orient, and north European Cistercian Gothic).; nan",Internal (DS/OUV),,Completed in 1240 (13th century).,Internal (DS/OUV),,Holy Roman Empire / Germanic Emperor (Emperor Frederick II of Hohenstaufen).,Internal (DS/OUV),,"(i) to represent a masterpiece of human creative genius; | (ii) to exhibit an important interchange of human values, over a span of time or within a cultural area of the world, on developments in architecture or technology, monumental arts, town-planning or landscape design; | (iii) to bear a unique or at least exceptional testimony to a cultural tradition or to a civilization which is living or which has disappeared;",Internal (DS/OUV),,"Limestone, Marble.",Marble.,Marble,Metamorphic,Internal (DS/OUV),,Internal (DS/OUV),,Mosaic interior decorative elements (materials decayed/removed).,Internal (DS/OUV),,,,,"Limestone (exterior blocks), Marble (interior elements).",Internal (DS/OUV),,,,,,,,,,,,,,,,,,,,,,,,,,,,,"Exterior block construction (limestone), octagonal towers, walls, octagonal plan.",Internal (DS/OUV),,"Interior decorative elements, floorings/walls (marble and mosaic).",Internal (DS/OUV),,Exterior limestone block masonry construction.,Internal (DS/OUV),,Degradation and removal/decay of interior marble and mosaic decorations.,Internal (DS/OUV),,,,,Good quality conservation work consistent with Italian standards carried out since 1878.,Internal (DS/OUV),,Good,,,Yes,,,,Tier 9: Unflagged,
1021,Tsodilo,Botswana,"Monument, Plan, Traditional; Rock Art; cave paintings; nan",Internal (DS/OUV),,"Over 100,000 years (spanning from the Stone Age to the 19th century)",,,Hambukushu and San communities,Internal (DS/OUV),,"(i) to represent a masterpiece of human creative genius; | (iii) to bear a unique or at least exceptional testimony to a cultural tradition or to a civilization which is living or which has disappeared; | (vi) to be directly or tangibly associated with events or living traditions, with ideas, or with beliefs, with artistic and literary works of outstanding universal significance;",Internal (DS/OUV),,quartzite,quartzite,Quartzite,Metamorphic,,,,,,,,,,,,,,,,,Massive quartzite rock formations rising from ancient sand dunes,Internal (DS/OUV),,,,,,,,,,,,,,,,,Local (Natural outcrops of the Kalahari Desert),Internal (DS/OUV),,,,,Natural rock shelters and caves providing habitation/shelter,Internal (DS/OUV),,"Canvas/substrate for over 4,500 rock paintings",Internal (DS/OUV),,,,,High degree of resistance to erosion due to quartzitic rock,Internal (DS/OUV),,,,,Limited to preventive strategies without altering the art and its substrate,Internal (DS/OUV),,Excellent,,,Yes,,,,Tier 9: Unflagged,
1145,Petroglyphs of the Archaeological Landscape of Tanbaly,Kazakhstan,"Petroglyphs, stone enclosures (boxes and cists), mounds (kurgans) of stone and earth, altars, tombs, gallery; nan",Internal (DS/OUV),,Second half of the second millennium BC to the early 20th century (Bronze Age to Early Iron Age and onwards),Internal (DS/OUV),,Pastoral peoples of the central Asian steppes,Internal (DS/OUV),,(iii) to bear a unique or at least exceptional testimony to a cultural tradition or to a civilization which is living or which has disappeared;,Internal (DS/OUV),,"shale/slate (maybe) ""Shiny black stones"", bedrock, rock massifs","shale/slate (maybe) ""Shiny black stones""",Slate,Metamorphic,Internal (DS/OUV),,,,,,,,,,,,,,,,,,,"Shiny black, bluish black (Bronze/Early Iron Age carvings), light grey (latest carvings)",Internal (DS/OUV),,,,,,,,,,,,,,Local (in-situ natural landscape / unsheltered rock faces),Internal (DS/OUV),,,,,Stone enclosures with boxes and cists; mounds of stone and earth,Internal (DS/OUV),,Rock carvings (Petroglyphs) / Rock art,Internal (DS/OUV),,Picketing technique with stone or metal tools,Internal (DS/OUV),,Vulnerable to exfoliation due to water ingress and stratification of the bedrock parallel to the surface; exacerbated by extreme daily/seasonal temperature variations,Internal (DS/OUV),,,,,,,,Excellent,,,Yes,,,,Tier 9: Unflagged,
