Site ID,Site Name,Country,Architecture Type,Architecture Type_Ref,Architecture Type_Ext,Construction Period,Construction Period_Ref,Construction Period_Ext,Civilization,Civilization_Ref,Civilization_Ext,UNESCO Criteria,UNESCO Criteria_Ref,UNESCO Criteria_Ext,Mentioned Major Stone(s),Mentioned Major Stone(s)_Ref,Mentioned Major Stone(s)_Ext,Rock Class,Rock Class_Ref,Rock Class_Ext,Secondary Stone,Secondary Stone_Ref,Secondary Stone_Ext,Local Stone Name,Local Stone Name_Ref,Local Stone Name_Ext,Lithology,Lithology_Ref,Lithology_Ext,Geological Age,Geological Age_Ref,Geological Age_Ext,Formation,Formation_Ref,Formation_Ext,Colour,Colour_Ref,Colour_Ext,Texture,Texture_Ref,Texture_Ext,Minerals,Minerals_Ref,Minerals_Ext,Quarry,Quarry_Ref,Quarry_Ext,Quarry Country,Quarry Country_Ref,Quarry Country_Ext,Local vs Imported,Local vs Imported_Ref,Local vs Imported_Ext,Transport Distance,Transport Distance_Ref,Transport Distance_Ext,Structural Use,Structural Use_Ref,Structural Use_Ext,Decorative Use,Decorative Use_Ref,Decorative Use_Ext,Masonry Technique,Masonry Technique_Ref,Masonry Technique_Ext,Weathering,Weathering_Ref,Weathering_Ext,Replacement Stone,Replacement Stone_Ref,Replacement Stone_Ext,Restoration,Restoration_Ref,Restoration_Ext,Condition,Condition_Ref,Condition_Ext,UNESCO Mention,Other references,flag_extracted,Stone_Potential_Flag,Potential_Tier_Description,Index
596,Villages with Fortified Churches in Transylvania,Romania,OUV Absent; nan,Internal (DS/OUV),,Late Middle Ages / 13th to 16th century,Internal (DS/OUV),,Transylvanian Saxons,Internal (DS/OUV),,"(iv) to be an outstanding example of a type of building, architectural or technological ensemble or landscape which illustrates (a) significant stage(s) in human history;",Internal (DS/OUV),,,,,,,,,,,,,,,,,,,,,,,,,,,,,,,,,,,,,,,,,,,,,,,,,,,,,,,,,,,,,,,,,No,,,,Tier 9: Unflagged,
450,Sacred City of Kandy,Sri Lanka,OUV absent;; nan,Internal (DS/OUV),,Sinhala kings period until 1815,,,Sinhala / Dinahala culture,Internal (DS/OUV),,"(iv) to be an outstanding example of a type of building, architectural or technological ensemble or landscape which illustrates (a) significant stage(s) in human history; | (vi) to be directly or tangibly associated with events or living traditions, with ideas, or with beliefs, with artistic and literary works of outstanding universal significance;",Internal (DS/OUV),,,,,,,,,,,,,,,,,,,,,,,,,,,,,,,,,,,,,,,,,,,,,,,,,,,,,,,,,,,,,,,,,No,,,,Tier 9: Unflagged,
904,Wooden Churches of Maramureş,Romania,OUV Absent; nan,Internal (DS/OUV),,Different periods / 1999 (UNESCO Inscription Year),Internal (DS/OUV),,Vernacular expression of the cultural landscape of northern Romania,Internal (DS/OUV),,"(iv) to be an outstanding example of a type of building, architectural or technological ensemble or landscape which illustrates (a) significant stage(s) in human history;",Internal (DS/OUV),,,,,,,,,,,,,,,,,,,,,,,,,,,,,,,,,,,,,,,,,,,,,,,,,,Timber construction / Shingle roofing,Internal (DS/OUV),,,,,,,,,,,,,,No,,,,Tier 9: Unflagged,
95,Old City of Dubrovnik,Croatia,OUV Absent; bvvvhp,Internal (DS/OUV),,13th century onwards (severely damaged by earthquake in 1667; damaged in 1990s by armed conflict),Internal (DS/OUV),,,,,"(i) to represent a masterpiece of human creative genius; | (iii) to bear a unique or at least exceptional testimony to a cultural tradition or to a civilization which is living or which has disappeared; | (iv) to be an outstanding example of a type of building, architectural or technological ensemble or landscape which illustrates (a) significant stage(s) in human history;",Internal (DS/OUV),,,Internal (DS/OUV),,,,,,,,,,,,,,,,,,,,,,,,,,,,,,,,,,,,,,,,,"Bridge, Capital, Castle, Cathedral, Church, Minaret, Monastery, Mosque, Palace, Sanctuary, Temple, Tomb, Tower",Internal (DS/OUV),,,,,,,,,,,,,,Focus of a major restoration programme co-ordinated by UNESCO,Internal (DS/OUV),,Good,External,,No,,,bvvvhp,Tier 4: Exceptional Stone Fortress / Cathedral / Mosque (3-v Very Very High),
1366,Selimiye Mosque and its Social Complex,Türkiye,OUV Absent; bvvvhp,Internal (DS/OUV),,16th Century (built between 1568 and 1575),Internal (DS/OUV),,Ottoman,Internal (DS/OUV),,"(i) to represent a masterpiece of human creative genius; | (iv) to be an outstanding example of a type of building, architectural or technological ensemble or landscape which illustrates (a) significant stage(s) in human history;",Internal (DS/OUV),,,,,,,,,,,,,,,,,,,,,,,,,,,,,,,,,,,,,,,,,,,,"Dome, four minarets, madrasas, covered market, clock house, library, courtyard",,,Iznik ceramic tiles,Internal (DS/OUV),,,,,,,,,,,,,,,,,No,,,bvvvhp,Tier 4: Exceptional Stone Fortress / Cathedral / Mosque (3-v Very Very High),
625,Mir Castle Complex,Belarus,OUV Absent; bp,Internal (DS/OUV),,Late 15th century to end of 19th century,Internal (DS/OUV),,Polish-Lithuanian / Belarusian / European,Internal (DS/OUV),,"(ii) to exhibit an important interchange of human values, over a span of time or within a cultural area of the world, on developments in architecture or technology, monumental arts, town-planning or landscape design; | (iv) to be an outstanding example of a type of building, architectural or technological ensemble or landscape which illustrates (a) significant stage(s) in human history;",Internal (DS/OUV),,,,,,,,,,,,,,,,,,,,,,,,,,,,,,,,Castle wall and tower masonry construction,Internal (DS/OUV),,,,,,,,,,,,,,,,,,,,,,,,,,Restored at the end of the 19th century after suffering severe damage during the Napoleonic period,Internal (DS/OUV),,,,,No,,,bp,Tier 8: Moderate Probability Stone Fabric (Possible),
724,Medieval Monuments in Kosovo,Serbia,OUV Absent; nan,,,,,,,,,"(ii) to exhibit an important interchange of human values, over a span of time or within a cultural area of the world, on developments in architecture or technology, monumental arts, town-planning or landscape design; | (iii) to bear a unique or at least exceptional testimony to a cultural tradition or to a civilization which is living or which has disappeared; | (iv) to be an outstanding example of a type of building, architectural or technological ensemble or landscape which illustrates (a) significant stage(s) in human history;",,,,,,,,,,,,,,,,,,,,,,,,,,,,,,,,,,,,,,,,,,,,,,,,,,,,,,,,,,,,,,,,,,No,,,,Tier 9: Unflagged,
906,Dacian Fortresses of the Orastie Mountains,Romania,OUV Absent; nan,,,,,,,,,"(ii) to exhibit an important interchange of human values, over a span of time or within a cultural area of the world, on developments in architecture or technology, monumental arts, town-planning or landscape design; | (iii) to bear a unique or at least exceptional testimony to a cultural tradition or to a civilization which is living or which has disappeared; | (iv) to be an outstanding example of a type of building, architectural or technological ensemble or landscape which illustrates (a) significant stage(s) in human history;",,,,,,,,,,,,,,,,,,,,,,,,,,,,,,,,,,,,,,,,,,,,,,,,,,,,,,,,,,,,,,,,,,No,,,,Tier 9: Unflagged,
1733,Minoan Palatial Centres,Greece,OUV Absent; nan,,,,,,,,,"(ii) to exhibit an important interchange of human values, over a span of time or within a cultural area of the world, on developments in architecture or technology, monumental arts, town-planning or landscape design; | (iii) to bear a unique or at least exceptional testimony to a cultural tradition or to a civilization which is living or which has disappeared; | (iv) to be an outstanding example of a type of building, architectural or technological ensemble or landscape which illustrates (a) significant stage(s) in human history; | (vi) to be directly or tangibly associated with events or living traditions, with ideas, or with beliefs, with artistic and literary works of outstanding universal significance;",,,,,,,,,,,,,,,,,,,,,,,,,,,,,,,,,,,,,,,,,,,,,,,,,,,,,,,,,,,,,,,,,,No,,,,Tier 9: Unflagged,
239,Group of Monuments at Pattadakal,India,OUV Absent;; nan,,,,,,,,,"(iii) to bear a unique or at least exceptional testimony to a cultural tradition or to a civilization which is living or which has disappeared; | (iv) to be an outstanding example of a type of building, architectural or technological ensemble or landscape which illustrates (a) significant stage(s) in human history;",,,,,,,,,,,,,,,,,,,,,,,,,,,,,,,,,,,,,,,,,,,,,,,,,,,,,,,,,,,,,,,,,,No,,,,Tier 9: Unflagged,
832,Villa Romana del Casale,Italy,OUV Absent; nan,,,,,,,,,"(i) to represent a masterpiece of human creative genius; | (ii) to exhibit an important interchange of human values, over a span of time or within a cultural area of the world, on developments in architecture or technology, monumental arts, town-planning or landscape design; | (iii) to bear a unique or at least exceptional testimony to a cultural tradition or to a civilization which is living or which has disappeared;",,,,,,,,,,,,,,,,,,,,,,,,,,,,,,,,,,,,,,,,,,,,,,,,,,,,,,,,,,,,,,,,,,No,,,,Tier 9: Unflagged,
38,Amphitheatre of El Jem,Tunisia,OUV Absent; nan,,,,,,,,,"(iv) to be an outstanding example of a type of building, architectural or technological ensemble or landscape which illustrates (a) significant stage(s) in human history; | (vi) to be directly or tangibly associated with events or living traditions, with ideas, or with beliefs, with artistic and literary works of outstanding universal significance;",,,,,,,,,,,,,,,,,,,,,,,,,,,,,,,,,,,,,,,,,,,,,,,,,,,,,,,,,,,,,,,,,,No,,,,Tier 9: Unflagged,
902,Historic Centre of Sighişoara,Romania,OUV Absent; nan,,,,,,,,,"(iii) to bear a unique or at least exceptional testimony to a cultural tradition or to a civilization which is living or which has disappeared; | (v) to be an outstanding example of a traditional human settlement, land-use, or sea-use which is representative of a culture (or cultures), or human interaction with the environment especially when it has become vulnerable under the impact of irreversible change;",,,,,,,,,,,,,,,,,,,,,,,,,,,,,,,,,,,,,,,,,,,,,,,,,,,,,,,,,,,,,,,,,,No,,,,Tier 9: Unflagged,
1739,Maratha Military Landscapes of India,India,OUV Absent; nan,,,,,,,,,"(iv) to be an outstanding example of a type of building, architectural or technological ensemble or landscape which illustrates (a) significant stage(s) in human history; | (vi) to be directly or tangibly associated with events or living traditions, with ideas, or with beliefs, with artistic and literary works of outstanding universal significance;",,,,,,,,,,,,,,,,,,,,,,,,,,,,,,,,,,,,,,,,,,,,,,,,,,,,,,,,,,,,,,,,,,No,,,,Tier 9: Unflagged,
1452,Bursa and Cumalıkızık: the Birth of the Ottoman Empire,Türkiye,OUV Absent; nan,,,,,,,,,"(i) to represent a masterpiece of human creative genius; | (ii) to exhibit an important interchange of human values, over a span of time or within a cultural area of the world, on developments in architecture or technology, monumental arts, town-planning or landscape design; | (iv) to be an outstanding example of a type of building, architectural or technological ensemble or landscape which illustrates (a) significant stage(s) in human history; | (vi) to be directly or tangibly associated with events or living traditions, with ideas, or with beliefs, with artistic and literary works of outstanding universal significance;",,,,,,,,,,,,,,,,,,,,,,,,,,,,,,,,,,,,,,,,,,,,,,,,,,,,,,,,,,,,,,,,,,No,,,,Tier 9: Unflagged,
1572,Göbekli Tepe,Türkiye,OUV Absent; nan,,,,,,,,,"(i) to represent a masterpiece of human creative genius; | (ii) to exhibit an important interchange of human values, over a span of time or within a cultural area of the world, on developments in architecture or technology, monumental arts, town-planning or landscape design; | (iv) to be an outstanding example of a type of building, architectural or technological ensemble or landscape which illustrates (a) significant stage(s) in human history;",,,,,,,,,,,,,,,,,,,,,,,,,,,,,,,,,,,,,,,,,,,,,,,,,,,,,,,,,,,,,,,,,,No,,,,Tier 9: Unflagged,
356,Historic Areas of Istanbul,Türkiye,OUV Absent; nan,,,,,,,,,"(i) to represent a masterpiece of human creative genius; | (ii) to exhibit an important interchange of human values, over a span of time or within a cultural area of the world, on developments in architecture or technology, monumental arts, town-planning or landscape design; | (iii) to bear a unique or at least exceptional testimony to a cultural tradition or to a civilization which is living or which has disappeared; | (iv) to be an outstanding example of a type of building, architectural or technological ensemble or landscape which illustrates (a) significant stage(s) in human history;",,,,,,,,,,,,,,,,,,,,,,,,,,,,,,,,,,,,,,,,,,,,,,,,,,,,,,,,,,,,,,,,,,No,,,,Tier 9: Unflagged,
332,Punic Town of Kerkuane and its Necropolis,Tunisia,OUV Absent; nan,,,,,,,,,(iii) to bear a unique or at least exceptional testimony to a cultural tradition or to a civilization which is living or which has disappeared;,,,,,,,,,,,,,,,,,,,,,,,,,,,,,,,,,,,,,,,,,,,,,,,,,,,,,,,,,,,,,,,,,,No,,,,Tier 9: Unflagged,
12,Tiya,Ethiopia,OUV Absent; nan,,,,,,,,,"(i) to represent a masterpiece of human creative genius; | (iv) to be an outstanding example of a type of building, architectural or technological ensemble or landscape which illustrates (a) significant stage(s) in human history;",,,,,,,,,,,,,,,,,,,,,,,,,,,,,,,,,,,,,,,,,,,,,,,,,,,,,,,,,,,,,,,,,,No,,,,Tier 9: Unflagged,
1749,Saint Hilarion Monastery/ Tell Umm Amer,State of Palestine,OUV Absent; nan,,,,,,,,,"(ii) to exhibit an important interchange of human values, over a span of time or within a cultural area of the world, on developments in architecture or technology, monumental arts, town-planning or landscape design; | (iii) to bear a unique or at least exceptional testimony to a cultural tradition or to a civilization which is living or which has disappeared; | (vi) to be directly or tangibly associated with events or living traditions, with ideas, or with beliefs, with artistic and literary works of outstanding universal significance;",,,,,,,,,,,,,,,,,,,,,,,,,,,,,,,,,,,,,,,,,,,,,,,,,,,,,,,,,,,,,,,,,,No,,,,Tier 9: Unflagged,
1518,Archaeological Site of Ani,Türkiye,OUV Absent; nan,,,,,,,,,"(ii) to exhibit an important interchange of human values, over a span of time or within a cultural area of the world, on developments in architecture or technology, monumental arts, town-planning or landscape design; | (iii) to bear a unique or at least exceptional testimony to a cultural tradition or to a civilization which is living or which has disappeared; | (iv) to be an outstanding example of a type of building, architectural or technological ensemble or landscape which illustrates (a) significant stage(s) in human history;",,,,,,,,,,,,,,,,,,,,,,,,,,,,,,,,,,,,,,,,,,,,,,,,,,,,,,,,,,,,,,,,,,No,,,,Tier 9: Unflagged,
1662,The Ancient Town of Si Thep and its Associated Dvaravati Monuments,Thailand,OUV Absent;; nan,,,,,,,,,"(ii) to exhibit an important interchange of human values, over a span of time or within a cultural area of the world, on developments in architecture or technology, monumental arts, town-planning or landscape design; | (iii) to bear a unique or at least exceptional testimony to a cultural tradition or to a civilization which is living or which has disappeared;",,,,,,,,,,,,,,,,,,,,,,,,,,,,,,,,,,,,,,,,,,,,,,,,,,,,,,,,,,,,,,,,,,No,,,,Tier 9: Unflagged,
148,Old City of Jerusalem and its Walls,Jerusalem (Site proposed by Jordan),OUV Absent; nan,,,,,,,,,"(ii) to exhibit an important interchange of human values, over a span of time or within a cultural area of the world, on developments in architecture or technology, monumental arts, town-planning or landscape design; | (iii) to bear a unique or at least exceptional testimony to a cultural tradition or to a civilization which is living or which has disappeared; | (vi) to be directly or tangibly associated with events or living traditions, with ideas, or with beliefs, with artistic and literary works of outstanding universal significance;",,,,,,,,,,,,,,,,,,,,,,,,,,,,,,,,,,,,,,,,,,,,,,,,,,,,,,,,,,,,,,,,,,No,,,,Tier 9: Unflagged,
1519,Aphrodisias,Türkiye,OUV Absent;; nan,,,,,,,,,"(ii) to exhibit an important interchange of human values, over a span of time or within a cultural area of the world, on developments in architecture or technology, monumental arts, town-planning or landscape design; | (iii) to bear a unique or at least exceptional testimony to a cultural tradition or to a civilization which is living or which has disappeared; | (iv) to be an outstanding example of a type of building, architectural or technological ensemble or landscape which illustrates (a) significant stage(s) in human history; | (vi) to be directly or tangibly associated with events or living traditions, with ideas, or with beliefs, with artistic and literary works of outstanding universal significance;",,,,,,,,,,,,,,,,,,,,,,,,,,,,,,,,,,,,,,,,,,,,,,,,,,,,,,,,,,,,,,,,,,No,,,,Tier 9: Unflagged,
597,Monastery of Horezu,Romania,OUV Absent; nan,,,,,,,,,"(ii) to exhibit an important interchange of human values, over a span of time or within a cultural area of the world, on developments in architecture or technology, monumental arts, town-planning or landscape design;",,,,,,,,,,,,,,,,,,,,,,,,,,,,,,,,,,,,,,,,,,,,,,,,,,,,,,,,,,,,,,,,,,No,,,,Tier 9: Unflagged,
1457,Pergamon and its Multi-Layered Cultural Landscape,Türkiye,OUV Absent; bvhp,,,,,,,,,"(i) to represent a masterpiece of human creative genius; | (ii) to exhibit an important interchange of human values, over a span of time or within a cultural area of the world, on developments in architecture or technology, monumental arts, town-planning or landscape design; | (iii) to bear a unique or at least exceptional testimony to a cultural tradition or to a civilization which is living or which has disappeared; | (iv) to be an outstanding example of a type of building, architectural or technological ensemble or landscape which illustrates (a) significant stage(s) in human history; | (vi) to be directly or tangibly associated with events or living traditions, with ideas, or with beliefs, with artistic and literary works of outstanding universal significance;",,,,,,,,,,,,,,,,,,,,,,,,,,,,,,,,,,,,,,,,,,,,,,,,,,,,,,,,,,,,,,,,,,No,,,bvhp,Tier 6: High Probability Ashlar / Urban Core (1-v Very High),
1640,Djerba: Testimony to a settlement pattern in an island territory,Tunisia,OUV Absent; bvhp,,,,,,,,,"(v) to be an outstanding example of a traditional human settlement, land-use, or sea-use which is representative of a culture (or cultures), or human interaction with the environment especially when it has become vulnerable under the impact of irreversible change;",,,,,,,,,,,,,,,,,,,,,,,,,,,,,,,,,,,,,,,,,,,,,,,,,,,,,,,,,,,,,,,,,,No,,,bvhp,Tier 6: High Probability Ashlar / Urban Core (1-v Very High),
499,Kairouan,Tunisia,OUV Absent; bvhp,,,,,,,,,"(i) to represent a masterpiece of human creative genius; | (ii) to exhibit an important interchange of human values, over a span of time or within a cultural area of the world, on developments in architecture or technology, monumental arts, town-planning or landscape design; | (iii) to bear a unique or at least exceptional testimony to a cultural tradition or to a civilization which is living or which has disappeared; | (v) to be an outstanding example of a traditional human settlement, land-use, or sea-use which is representative of a culture (or cultures), or human interaction with the environment especially when it has become vulnerable under the impact of irreversible change; | (vi) to be directly or tangibly associated with events or living traditions, with ideas, or with beliefs, with artistic and literary works of outstanding universal significance;",,,,,,,,,,,,,,,,,,,,,,,,,,,,,,,,,,,,,,,,,,,,,,,,,,,,,,,,,,,,,,,,,,No,,,bvhp,Tier 6: High Probability Ashlar / Urban Core (1-v Very High),
1405,Neolithic Site of Çatalhöyük,Türkiye,OUV Absent; bvhp,,,,,,,,,"(iii) to bear a unique or at least exceptional testimony to a cultural tradition or to a civilization which is living or which has disappeared; | (iv) to be an outstanding example of a type of building, architectural or technological ensemble or landscape which illustrates (a) significant stage(s) in human history;",,,,,,,,,,,,,,,,,,,,,,,,,,,,,,,,,,,,,,,,,,,,,,,,,,,,,,,,,,,,,,,,,,No,,,bvhp,Tier 6: High Probability Ashlar / Urban Core (1-v Very High),
1018,Ephesus,Türkiye,OUV Absent; bvhp,,,,,,,,,"(iii) to bear a unique or at least exceptional testimony to a cultural tradition or to a civilization which is living or which has disappeared; | (iv) to be an outstanding example of a type of building, architectural or technological ensemble or landscape which illustrates (a) significant stage(s) in human history; | (vi) to be directly or tangibly associated with events or living traditions, with ideas, or with beliefs, with artistic and literary works of outstanding universal significance;",,,,,,,,,,,,,,,,,,,,,,,,,,,,,,,,,,,,,,,,,,,,,,,,,,,,,,,,,,,,,,,,,,No,,,bvhp,Tier 6: High Probability Ashlar / Urban Core (1-v Very High),
1488,Diyarbakır Fortress and Hevsel Gardens Cultural Landscape,Türkiye,OUV Absent; bvhp,,,,,,,,,"(iv) to be an outstanding example of a type of building, architectural or technological ensemble or landscape which illustrates (a) significant stage(s) in human history;",,,,,,,,,,,,,,,,,,,,,,,,,,,,,,,,,,,,,,,,,,,,,,,,,,,,,,,,,,,,,,,,,,No,,,bvhp,Tier 6: High Probability Ashlar / Urban Core (1-v Very High),
576,Historic City of Ayutthaya,Thailand,OUV Absent; bhp,,,,,,,,,(iii) to bear a unique or at least exceptional testimony to a cultural tradition or to a civilization which is living or which has disappeared;,,,,,,,,,,,,,,,,,,,,,,,,,,,,,,,,,,,,,,,,,,,,,,,,,,,,,,,,,,,,,,,,,,No,,,bhp,Tier 7: High Probability Local Stone / Masonry (High Potential),
481,Vat Phou and Associated Ancient Settlements within the Champasak Cultural Landscape,Lao People's Democratic Republic,OUV Absent; nan,,,,,,,,,"(iii) to bear a unique or at least exceptional testimony to a cultural tradition or to a civilization which is living or which has disappeared; | (iv) to be an outstanding example of a type of building, architectural or technological ensemble or landscape which illustrates (a) significant stage(s) in human history; | (vi) to be directly or tangibly associated with events or living traditions, with ideas, or with beliefs, with artistic and literary works of outstanding universal significance;",,,,,,,,,,,,,,,,,,,,,,,,,,,,,,,,,,,,,,,,,,,,,,,,,,,,,,,,,,,,,,,,,,No,,,,Tier 9: Unflagged,
1730,Funerary Tradition in the Prehistory of Sardinia – <em>The domus de janas</em>,Italy,OUV Absent; nan,,,,,,,,,(iii) to bear a unique or at least exceptional testimony to a cultural tradition or to a civilization which is living or which has disappeared;,,,,,,,,,,,,,,,,,,,,,,,,,,,,,,,,,,,,,,,,,,,,,,,,,,,,,,,,,,,,,,,,,,No,,,,Tier 9: Unflagged,
190,Archaeological Site of Cyrene,Libya,OUV Absent; nan,,,,,,,,,"(ii) to exhibit an important interchange of human values, over a span of time or within a cultural area of the world, on developments in architecture or technology, monumental arts, town-planning or landscape design; | (iii) to bear a unique or at least exceptional testimony to a cultural tradition or to a civilization which is living or which has disappeared; | (vi) to be directly or tangibly associated with events or living traditions, with ideas, or with beliefs, with artistic and literary works of outstanding universal significance;",,,,,,,,,,,,,,,,,,,,,,,,,,,,,,,,,,,,,,,,,,,,,,,,,,,,,,,,,,,,,,,,,,No,,,,Tier 9: Unflagged,
849,Archaeological Site of Troy,Türkiye,OUV Absent; nan,,,,,,,,,"(ii) to exhibit an important interchange of human values, over a span of time or within a cultural area of the world, on developments in architecture or technology, monumental arts, town-planning or landscape design; | (iii) to bear a unique or at least exceptional testimony to a cultural tradition or to a civilization which is living or which has disappeared; | (vi) to be directly or tangibly associated with events or living traditions, with ideas, or with beliefs, with artistic and literary works of outstanding universal significance;",,,,,,,,,,,,,,,,,,,,,,,,,,,,,,,,,,,,,,,,,,,,,,,,,,,,,,,,,,,,,,,,,,No,,,,Tier 9: Unflagged,
37,Archaeological Site of Carthage,Tunisia,OUV Absent; bvhp,,,,,,,,,"(ii) to exhibit an important interchange of human values, over a span of time or within a cultural area of the world, on developments in architecture or technology, monumental arts, town-planning or landscape design; | (iii) to bear a unique or at least exceptional testimony to a cultural tradition or to a civilization which is living or which has disappeared; | (vi) to be directly or tangibly associated with events or living traditions, with ideas, or with beliefs, with artistic and literary works of outstanding universal significance;",,,,,,,,,,,,,,,,,,,,,,,,,,,,,,,,,,,,,,,,,,,,,,,,,,,,,,,,,,,,,,,,,,No,,,bvhp,Tier 6: High Probability Ashlar / Urban Core (1-v Very High),
794,Dougga / Thugga,Tunisia,OUV Absent; bhp,,,,,,,,,"(ii) to exhibit an important interchange of human values, over a span of time or within a cultural area of the world, on developments in architecture or technology, monumental arts, town-planning or landscape design; | (iii) to bear a unique or at least exceptional testimony to a cultural tradition or to a civilization which is living or which has disappeared;",,,,,,,,,,,,,,,,,,,,,,,,,,,,,,,,,,,,,,,,,,,,,,,,,,,,,,,,,,,,,,,,,,No,,,bhp,Tier 7: High Probability Local Stone / Masonry (High Potential),
97,Historical Complex of Split with the Palace of Diocletian,Croatia,OUV Absent; nan,,,,,,,,,"(ii) to exhibit an important interchange of human values, over a span of time or within a cultural area of the world, on developments in architecture or technology, monumental arts, town-planning or landscape design; | (iii) to bear a unique or at least exceptional testimony to a cultural tradition or to a civilization which is living or which has disappeared; | (iv) to be an outstanding example of a type of building, architectural or technological ensemble or landscape which illustrates (a) significant stage(s) in human history;",,,,,,,,,,,,,,,,,,,,,,,,,,,,,,,,,,,,,,,,,,,,,,,,,,,,,,,,,,,,,,,,,,No,,,,Tier 9: Unflagged,
287,Rock-Art Sites of Tadrart Acacus,Libya,OUV Absent; bvvvvvhp,,,,,,,,,(iii) to bear a unique or at least exceptional testimony to a cultural tradition or to a civilization which is living or which has disappeared;,,,,,,,,,,,,,,,,,,,,,,,,,,,,,,,,,,,,,,,,,,,,,,,,,,,,,,,,,,,,,,,,,,No,,,bvvvvvhp,Tier 2: Massive Cliff Rock Art / Bedrock Substrate (5-v Extremely High),
184,Archaeological Site of Sabratha,Libya,OUV Absent; bvhp,,,,,,,,,(iii) to bear a unique or at least exceptional testimony to a cultural tradition or to a civilization which is living or which has disappeared;,,,,,,,,,,,,,,,,,,,,,,,,,,,,,,,,,,,,,,,,,,,,,,,,,,,,,,,,,,,,,,,,,,No,,,bvhp,Tier 6: High Probability Ashlar / Urban Core (1-v Very High),
575,Ban Chiang Archaeological Site,Thailand,OUV Absent; bvvhp,,,,,,,,,(iii) to bear a unique or at least exceptional testimony to a cultural tradition or to a civilization which is living or which has disappeared;,,,,,,,,,,,,,,,,,,,,,,,,,,,,,,,,,,,,,,,,,,,,,,,,,,,,,,,,,,,,,,,,,,No,,,bvvhp,Tier 5: Major Ashlar Masonry / Imperial Ruins (2-v Very High),
1507,"Phu Phrabat, a testimony to the Sīma stone tradition of the Dvaravati period",Thailand,OUV Absent; bp,,,,,,,,,"(iii) to bear a unique or at least exceptional testimony to a cultural tradition or to a civilization which is living or which has disappeared; | (v) to be an outstanding example of a traditional human settlement, land-use, or sea-use which is representative of a culture (or cultures), or human interaction with the environment especially when it has become vulnerable under the impact of irreversible change;",,,,,,,,,,,,,,,,,,,,,,,,,,,,,,,,,,,,,,,,,,,,,,,,,,,,,,,,,,,,,,,,,,No,,,bp,Tier 8: Moderate Probability Stone Fabric (Possible),
925,Rock Shelters of Bhimbetka,India,OUV Absent; bvvvhp,,,,,,,,,"(iii) to bear a unique or at least exceptional testimony to a cultural tradition or to a civilization which is living or which has disappeared; | (v) to be an outstanding example of a traditional human settlement, land-use, or sea-use which is representative of a culture (or cultures), or human interaction with the environment especially when it has become vulnerable under the impact of irreversible change;",,,,,,,,,,,,,,,,,,,,,,,,,,,,,,,,,,,,,,,,,,,,,,,,,,,,,,,,,,,,,,,,,,No,,,bvvvhp,Tier 4: Exceptional Stone Fortress / Cathedral / Mosque (3-v Very Very High),
448,Nemrut Dağ,Türkiye,OUV Absent; bvvvvhp,,,,,,,,,"(i) to represent a masterpiece of human creative genius; | (iii) to bear a unique or at least exceptional testimony to a cultural tradition or to a civilization which is living or which has disappeared; | (iv) to be an outstanding example of a type of building, architectural or technological ensemble or landscape which illustrates (a) significant stage(s) in human history;",,,,,,,,,,,,,,,,,,,,,,,,,,,,,,,,,,,,,,,,,,,,,,,,,,,,,,,,,,,,,,,,,,No,,,bvvvvhp,Tier 3: Monumental Megalithic / Sanctuary Architecture (4-v Very Very Very High),
201,Ancient City of Polonnaruwa,Sri Lanka,OUV Absent; bvvvhp,,,,,,,,,"(i) to represent a masterpiece of human creative genius; | (iii) to bear a unique or at least exceptional testimony to a cultural tradition or to a civilization which is living or which has disappeared; | (vi) to be directly or tangibly associated with events or living traditions, with ideas, or with beliefs, with artistic and literary works of outstanding universal significance;",,,,,,,,,,,,,,,,,,,,,,,,,,,,,,,,,,,,,,,,,,,,,,,,,,,,,,,,,,,,,,,,,,No,,,bvvvhp,Tier 4: Exceptional Stone Fortress / Cathedral / Mosque (3-v Very Very High),
200,Sacred City of Anuradhapura,Sri Lanka,OUV Absent; bp,,,,,,,,,"(ii) to exhibit an important interchange of human values, over a span of time or within a cultural area of the world, on developments in architecture or technology, monumental arts, town-planning or landscape design; | (iii) to bear a unique or at least exceptional testimony to a cultural tradition or to a civilization which is living or which has disappeared; | (vi) to be directly or tangibly associated with events or living traditions, with ideas, or with beliefs, with artistic and literary works of outstanding universal significance;",,,,,,,,,,,,,,,,,,,,,,,,,,,,,,,,,,,,,,,,,,,,,,,,,,,,,,,,,,,,,,,,,,No,,,bp,Tier 8: Moderate Probability Stone Fabric (Possible),
1732,"Yen Tu-Vinh Nghiem-Con Son, Kiep Bac Complex of Monuments and Landscapes",Viet Nam,OUV Absent; skipped,,,,,,,,,"(iii) to bear a unique or at least exceptional testimony to a cultural tradition or to a civilization which is living or which has disappeared; | (vi) to be directly or tangibly associated with events or living traditions, with ideas, or with beliefs, with artistic and literary works of outstanding universal significance;",,,,,,,,,,,,,,,,,,,,,,,,,,,,,,,,,,,,,,,,,,,,,,,,,,,,,,,,,,,,,,,,,,No,,,,,
1752,Aalto Works,Finland,OUV Absent; skipped,,,,,,,,,"(ii) to exhibit an important interchange of human values, over a span of time or within a cultural area of the world, on developments in architecture or technology, monumental arts, town-planning or landscape design;",,,,,,,,,,,,,,,,,,,,,,,,,,,,,,,,,,,,,,,,,,,,,,,,,,,,,,,,,,,,,,,,,,No,,,,,
1581,"Beaches of the D-Day Landings, Normandy, 1944",France,OUV Absent; skipped,,,,,,,,,"(vi) to be directly or tangibly associated with events or living traditions, with ideas, or with beliefs, with artistic and literary works of outstanding universal significance;",,,,,,,,,,,,,,,,,,,,,,,,,,,,,,,,,,,,,,,,,,,,,,,,,,,,,,,,,,,,,,,,,,No,,,,,
927,Ancient Buddhist Site of Sarnath,India,OUV absent,,,,,,,,,"(iii) to bear a unique or at least exceptional testimony to a cultural tradition or to a civilization which is living or which has disappeared; | (vi) to be directly or tangibly associated with events or living traditions, with ideas, or with beliefs, with artistic and literary works of outstanding universal significance;",,,,,,,,,,,,,,,,,,,,,,,,,,,,,,,,,,,,,,,,,,,,,,,,,,,,,,,,,,,,,,,,,,No,,,,,
1762,The system of Italian-style <em>condominio</em> theatres of the 18th and 19th centuries in Central Italy,Italy,OUV Absent; skipped,,,,,,,,,(iii) to bear a unique or at least exceptional testimony to a cultural tradition or to a civilization which is living or which has disappeared;,,,,,,,,,,,,,,,,,,,,,,,,,,,,,,,,,,,,,,,,,,,,,,,,,,,,,,,,,,,,,,,,,,No,,,,,
1760,Rock Mosques and Associated Sacred Sites of Mangystau,Kazakhstan,OUV Absent; BVVVHP,,,,,,,,,"(ii) to exhibit an important interchange of human values, over a span of time or within a cultural area of the world, on developments in architecture or technology, monumental arts, town-planning or landscape design; | (iii) to bear a unique or at least exceptional testimony to a cultural tradition or to a civilization which is living or which has disappeared;",,,,,,,,,,,,,,,,,,,,,,,,,,,,,,,,,,,,,,,,,,,,,,,,,,,,,,,,,,,,,,,,,,No,,,,,
1759,The Cemetery Complexes of the Xiongnu Nobility,Mongolia,OUV Absent; skipped; bvhp,,,,,,,,,(iii) to bear a unique or at least exceptional testimony to a cultural tradition or to a civilization which is living or which has disappeared;,,,,,,,,,,,,,,,,,,,,,,,,,,,,,,,,,,,,,,,,,,,,,,,,,,,,,,,,,,,,,,,,,,No,,,,,
1750,The Roças of Sao Tome and Principe: Colonial Agricultural System and Forced Migration,Sao Tome and Principe,OUV Absent; skipped;,,,,,,,,,"(iv) to be an outstanding example of a type of building, architectural or technological ensemble or landscape which illustrates (a) significant stage(s) in human history;",,,,,,,,,,,,,,,,,,,,,,,,,,,,,,,,,,,,,,,,,,,,,,,,,,,,,,,,,,,,,,,,,,No,,,,,
1761,"Wat Phra Mahathat Woramahawihan, Nakhon Si Thammarat",Thailand,OUV Absent; skipped; bvvhp,,,,,,,,,"(ii) to exhibit an important interchange of human values, over a span of time or within a cultural area of the world, on developments in architecture or technology, monumental arts, town-planning or landscape design; | (vi) to be directly or tangibly associated with events or living traditions, with ideas, or with beliefs, with artistic and literary works of outstanding universal significance;",,,,,,,,,,,,,,,,,,,,,,,,,,,,,,,,,,,,,,,,,,,,,,,,,,,,,,,,,,,,,,,,,,No,,,,,
1766,Tashkent Modernist Architecture. Modernity and Tradition in Central Asia,Uzbekistan,OUV Absent; skipped,,,,,,,,,"(iv) to be an outstanding example of a type of building, architectural or technological ensemble or landscape which illustrates (a) significant stage(s) in human history;",,,,,,,,,,,,,,,,,,,,,,,,,,,,,,,,,,,,,,,,,,,,,,,,,,,,,,,,,,,,,,,,,,No,,,,,
